-- V300: Seed completo catálogo de estudio BJJ
-- Generado: 2026-05-13
-- Fuente: producción ossflow@82.165.143.40
-- Idempotente: sí (ON CONFLICT DO UPDATE/NOTHING)

-- ============================================================
-- FEDERACIONES
-- ============================================================
BEGIN;

INSERT INTO federation (id, code, name, official_url, created_at, updated_at, version) OVERRIDING SYSTEM VALUE VALUES
(1,  'IBJJF',  'International Brazilian Jiu-Jitsu Federation',   'https://ibjjf.com/competition-rules', NOW(), NOW(), 0),
(2,  'ADCC',   'Abu Dhabi Combat Club',                           'https://adcombat.com',                NOW(), NOW(), 0),
(3,  'AJP',    'Abu Dhabi Jiu-Jitsu Pro',                         'https://ajptour.com',                 NOW(), NOW(), 0),
(4,  'NAGA',   'North American Grappling Association',            'https://nagafighter.com',             NOW(), NOW(), 0),
(5,  'UAEJJF', 'UAE Jiu-Jitsu Federation',                        'https://uaejjf.org',                  NOW(), NOW(), 0),
(6,  'FEJJB',  'Federación Española de Jiu-Jitsu Brasileño',      'https://fejjb.es',                    NOW(), NOW(), 0),
(7,  'AEJJ',   'Asociación Española de Jiu-Jitsu',                'https://aejj.es',                     NOW(), NOW(), 0),
(8,  'SBJJ',   'Spanish Brazilian Jiu-Jitsu',                     'https://sbjj.es',                     NOW(), NOW(), 0),
(9,  'CBJJE',  'Confederación Brasileña de Jiu-Jitsu Esportivo',  'https://cbjje.com.br',                NOW(), NOW(), 0),
(10, 'GI',     'Grappling Industries',                            'https://grapplingindustries.com',     NOW(), NOW(), 0)
ON CONFLICT (code) DO UPDATE SET
  name        = EXCLUDED.name,
  official_url = EXCLUDED.official_url;

COMMIT;

-- ============================================================
-- POSICIONES
-- ============================================================
BEGIN;

INSERT INTO position (id, owner_id, name, type, description, youtube_url, visibility, created_at, updated_at, version) OVERRIDING SYSTEM VALUE VALUES
(1,  1, 'Standing Neutral',          'STANDING',       'Ambos luchadores de pie, sin clinch. Posición de inicio de combate.',                                                                                    'https://www.youtube.com/watch?v=j5uF1s3g-sM', 'PUBLIC', NOW(), NOW(), 0),
(2,  1, 'Clinch',                    'STANDING',       'Cuerpo a cuerpo de pie. Base para derribos, proyecciones y guillotinas de pie.',                                                                         'https://www.youtube.com/watch?v=CKrKMjZgGU4', 'PUBLIC', NOW(), NOW(), 0),
(3,  1, 'Single Leg',                'STANDING',       'Control de una pierna del oponente de pie. Transición al derribo single leg.',                                                                           'https://www.youtube.com/watch?v=mRIDD2zoKJ8', 'PUBLIC', NOW(), NOW(), 0),
(4,  1, 'Double Leg',                'STANDING',       'Control de ambas piernas del oponente de pie. Transición al derribo double leg.',                                                                        'https://www.youtube.com/watch?v=tgIXxV6Ax1o', 'PUBLIC', NOW(), NOW(), 0),
(5,  1, 'Arm Drag Position',         'STANDING',       'Arrastre de brazo de pie para llegar a la espalda o ejecutar derribo.',                                                                                  'https://www.youtube.com/watch?v=e_c7G5T_ZR8', 'PUBLIC', NOW(), NOW(), 0),
(6,  1, 'Full Mount',                'TOP',            'Montado encima del oponente en decúbito supino. Posición dominante alta. Base para armbar, triángulo y estrangulaciones.',                               'https://www.youtube.com/watch?v=yOWgx8rVnzU', 'PUBLIC', NOW(), NOW(), 0),
(7,  1, 'High Mount',                'TOP',            'Mount con las rodillas cerca de las axilas del oponente. Mayor control y acceso a ataques de cuello.',                                                   'https://www.youtube.com/watch?v=_uuWD4CxRDk', 'PUBLIC', NOW(), NOW(), 0),
(8,  1, 'Back Mount',                'TOP',            'Control de espalda con ganchos (hooks) insertados. La posición más dominante del BJJ. Acceso directo a RNC y bow-and-arrow.',                           'https://www.youtube.com/watch?v=CRllVj7jriY', 'PUBLIC', NOW(), NOW(), 0),
(9,  1, 'Side Control',              'TOP',            'Control lateral sobre el oponente, perpendicular al cuerpo. Posición muy dominante. Base para kimura, americana y papercutter.',                         'https://www.youtube.com/watch?v=VF8GrJdysv0', 'PUBLIC', NOW(), NOW(), 0),
(10, 1, 'North South',               'TOP',            'Control perpendicular sobre la cabeza del oponente, mirando hacia sus pies. Ataque north-south choke y kimura.',                                         'https://www.youtube.com/watch?v=0hEKXaDY0gQ', 'PUBLIC', NOW(), NOW(), 0),
(11, 1, 'Knee On Belly',             'TOP',            'Rodilla sobre el abdomen del oponente. Posición transitoria con opciones de estrangulación y armbar.',                                                   'https://www.youtube.com/watch?v=BHUYEm0ve9A', 'PUBLIC', NOW(), NOW(), 0),
(12, 1, 'Scarf Hold',                'TOP',            'Control de cabeza y brazo desde el suelo (kesa gatame). Ataque a estrangulación y americana.',                                                           'https://www.youtube.com/watch?v=3w6xQmLwcHM', 'PUBLIC', NOW(), NOW(), 0),
(13, 1, 'Turtle Top',                'TOP',            'Encima del oponente en posición de tortuga. Ataque clock choke, anaconda y toma de espalda.',                                                            'https://www.youtube.com/watch?v=8flgjYr6YLo', 'PUBLIC', NOW(), NOW(), 0),
(14, 1, 'Crucifix',                  'TOP',            'Un brazo del oponente atrapado entre las piernas, el otro controlado. Ataque RNC o estrangulaciones.',                                                   'https://www.youtube.com/watch?v=rCQsaENYkTE', 'PUBLIC', NOW(), NOW(), 0),
(15, 1, 'Leg Entanglement',          'GROUND_NEUTRAL', 'Ashi garami básico para leg locks. Single ashi garami. Posición de enredo de piernas.',                                                                  'https://www.youtube.com/watch?v=cHjSimUDoP4', 'PUBLIC', NOW(), NOW(), 0),
(16, 1, '50/50',                     'GROUND_NEUTRAL', 'Enredo de piernas simétrico. Ambos luchadores atacan heel hooks simultáneamente. Alta relevancia en no-gi moderno.',                                     'https://www.youtube.com/watch?v=mKbMqB6I9FI', 'PUBLIC', NOW(), NOW(), 0),
(17, 1, 'Outside Heel Hook Position','GROUND_NEUTRAL', 'Ashi garami exterior. Posición para outside heel hook atacando la rodilla externa.',                                                                      'https://www.youtube.com/watch?v=zQ-FNH5a01k', 'PUBLIC', NOW(), NOW(), 0),
(18, 1, 'Seated Guard',              'GROUND_NEUTRAL', 'Guardia sentada (combat base). Posición neutral de inicio en el suelo.',                                                                                 'https://www.youtube.com/watch?v=g5HArwX8Ty0', 'PUBLIC', NOW(), NOW(), 0),
(19, 1, 'Closed Guard',              'BOTTOM',         'Guardia cerrada: piernas cruzadas en la espalda del oponente. La guardia fundamental del BJJ.',                                                          'https://www.youtube.com/watch?v=otskR_OjuBU', 'PUBLIC', NOW(), NOW(), 0),
(20, 1, 'Half Guard',                'BOTTOM',         'Media guardia: una pierna del oponente atrapada entre las propias. Posición de abajo muy versátil.',                                                     'https://www.youtube.com/watch?v=Xzvab-kp9qA', 'PUBLIC', NOW(), NOW(), 0),
(21, 1, 'Z-Guard',                   'BOTTOM',         'Media guardia con la espinilla interpuesta como escudo (knee shield). Mayor control de distancia.',                                                       'https://www.youtube.com/watch?v=NsRHHZk5Nx4', 'PUBLIC', NOW(), NOW(), 0),
(22, 1, 'Deep Half Guard',           'BOTTOM',         'Media guardia profunda: debajo del oponente controlando su pierna lejana. Acceso a barridos y toma de espalda.',                                         'https://www.youtube.com/watch?v=zDD2ORNn_yw', 'PUBLIC', NOW(), NOW(), 0),
(23, 1, 'Lockdown',                  'BOTTOM',         'Media guardia con enganche de pierna en figura de 4. Sistema 10th Planet. Limita el paso del oponente.',                                                 'https://www.youtube.com/watch?v=tcS7oBdpRW0', 'PUBLIC', NOW(), NOW(), 0),
(24, 1, 'Butterfly Guard',           'BOTTOM',         'Guardia mariposa: ganchos de pie bajo los muslos del oponente sentado. Barridos explosivos y toma de espalda.',                                         'https://www.youtube.com/watch?v=HCpJsH0K7l0', 'PUBLIC', NOW(), NOW(), 0),
(25, 1, 'De La Riva Guard',          'BOTTOM',         'DLR: gancho externo en la pierna delantera del oponente. Barridos, berimbolo y transiciones a leg locks.',                                               'https://www.youtube.com/watch?v=-LhSBH3BBFE', 'PUBLIC', NOW(), NOW(), 0),
(26, 1, 'Reverse De La Riva',        'BOTTOM',         'RDLR: gancho interno en la pierna delantera. Acceso directo a single leg X y leg entanglements.',                                                        'https://www.youtube.com/watch?v=lj985a5UJl0', 'PUBLIC', NOW(), NOW(), 0),
(27, 1, 'Spider Guard',              'BOTTOM',         'Pies en bíceps del oponente con control de mangas. Solo gi. Triángulos, omoplatas y barridos.',                                                          'https://www.youtube.com/watch?v=oxeZThdCoW8', 'PUBLIC', NOW(), NOW(), 0),
(28, 1, 'Lasso Guard',               'BOTTOM',         'Pierna enroscada en el brazo del oponente (gi). Control extremo del brazo. Barridos y ataques articulares.',                                             'https://www.youtube.com/watch?v=9r6mDJMpfYs', 'PUBLIC', NOW(), NOW(), 0),
(29, 1, 'X-Guard',                   'BOTTOM',         'Configuración en X con ambas piernas controlando caderas del oponente. Barridos de elevación y technical stands.',                                       'https://www.youtube.com/watch?v=I_plwm61noM', 'PUBLIC', NOW(), NOW(), 0),
(30, 1, 'Single Leg X',              'BOTTOM',         'SLX / Ashi garami: una pierna del oponente inmovilizada. El punto de entrada estándar para el juego de leg locks moderno.',                             'https://www.youtube.com/watch?v=OaHVPQVHrMs', 'PUBLIC', NOW(), NOW(), 0),
(31, 1, 'K-Guard',                   'BOTTOM',         'Guardia dinámica que combina gancho exterior con control del tobillo. Acceso a heel hooks y barridos.',                                                  'https://www.youtube.com/watch?v=2b7bqY7iZBs', 'PUBLIC', NOW(), NOW(), 0),
(32, 1, 'Rubber Guard',              'BOTTOM',         'Sistema 10th Planet: pierna sobre el cuello del oponente desde guardia cerrada. Requiere gran flexibilidad.',                                            'https://www.youtube.com/watch?v=RJ7Iutti8cY', 'PUBLIC', NOW(), NOW(), 0),
(33, 1, 'Worm Guard',                'BOTTOM',         'Guardia de solapa: usa la propia solapa del gi del oponente para controlarlo. Solo gi. Creada por Keenan Cornelius.',                                    'https://www.youtube.com/watch?v=lLvkMU0xdHw', 'PUBLIC', NOW(), NOW(), 0),
(34, 1, 'Collar Sleeve Guard',       'BOTTOM',         'Un grip al cuello, otro a la manga. Guardia de distancia media. Transición a spider, lasso y DLR.',                                                     'https://www.youtube.com/watch?v=MJl8Wp2w3Lk', 'PUBLIC', NOW(), NOW(), 0),
(35, 1, 'Bottom Side Control',       'BOTTOM',         'Bajo el control lateral del oponente. Objetivo: recuperar guardia o tomar la espalda.',                                                                  'https://www.youtube.com/watch?v=5ALqUk9uefk', 'PUBLIC', NOW(), NOW(), 0),
(36, 1, 'Bottom Mount',              'BOTTOM',         'Debajo del mount del oponente. La peor posición del BJJ junto con bottom back mount.',                                                                   'https://www.youtube.com/watch?v=ypi3ie6hKTI', 'PUBLIC', NOW(), NOW(), 0),
(37, 1, 'Bottom Back Mount',         'BOTTOM',         'Con el oponente en nuestra espalda con ganchos. La posición más peligrosa y difícil de escapar.',                                                        'https://www.youtube.com/watch?v=N6lKNqUOZoY', 'PUBLIC', NOW(), NOW(), 0),
(38, 1, 'Turtle',                    'BOTTOM',         'Posición de tortuga defensiva: rodillas y codos en el suelo. Defensa temporal pero bajo ataque constante.',                                              'https://www.youtube.com/watch?v=as8eMNpFjPg', 'PUBLIC', NOW(), NOW(), 0),
(39, 1, 'Bottom Knee On Belly',      'BOTTOM',         'Bajo la rodilla en el abdomen del oponente. Posición incómoda y transitoria. Objetivo: escapar o recuperar guardia.',                                   'https://www.youtube.com/watch?v=BHUYEm0ve9A', 'PUBLIC', NOW(), NOW(), 0),
(40, 1, 'Submitted',                 'SUBMITTED',      'El luchador ha tapado. Fin del combate o round.',                                                                                                        NULL,                                          'PUBLIC', NOW(), NOW(), 0),
(41, 1, 'Sprawl',                    'STANDING',       'Defensa de derribo: caderas abajo y pies atrás para quitar la tracción al oponente que intenta double/single leg.',                                      'https://www.youtube.com/watch?v=Adz0whT8wBc', 'PUBLIC', NOW(), NOW(), 0),
(42, 1, 'Fireman Carry Position',    'STANDING',       'Control del hombro y pierna del oponente para la proyección de bombero. Gi y no-gi.',                                                                    'https://www.youtube.com/watch?v=71HjDPgZ5oE', 'PUBLIC', NOW(), NOW(), 0),
(43, 1, 'Collar Tie',                'STANDING',       'Control del cuello con una mano desde posición de pie. Base para snaps, underhooks y derribos de judo.',                                                'https://www.youtube.com/watch?v=MR1gQnRPZ_o', 'PUBLIC', NOW(), NOW(), 0),
(44, 1, 'Rear Standing',             'STANDING',       'Detrás del oponente de pie, sin ganchos aún. Transición a back mount o double underhook suplex.',                                                        'https://www.youtube.com/watch?v=rFIoeIB4-A4', 'PUBLIC', NOW(), NOW(), 0),
(45, 1, 'Technical Mount',           'TOP',            'Mount con una rodilla en el suelo y el otro pie plantado. Mayor estabilidad y control que mount estándar.',                                              'https://www.youtube.com/watch?v=DZ-fmNcJFg4', 'PUBLIC', NOW(), NOW(), 0),
(46, 1, 'Leg Knot',                  'TOP',            'Control de pierna desde top en leg entanglements. Inmovilización para ataques de kneebar o toe hold.',                                                   'https://www.youtube.com/watch?v=xWrEk9MbvUc', 'PUBLIC', NOW(), NOW(), 0),
(47, 1, 'Truck',                     'TOP',            'Posición 10th Planet: un gancho dentro de las piernas del oponente en turtle. Base para crotch ripper y back take.',                                    'https://www.youtube.com/watch?v=IY0CbahJG2A', 'PUBLIC', NOW(), NOW(), 0),
(48, 1, 'Mount with Arm Trap',       'TOP',            'Mount con el brazo del oponente atrapado bajo la rodilla. Maximiza el control antes de ataques al cuello.',                                             'https://www.youtube.com/watch?v=KPJJENQtRWU', 'PUBLIC', NOW(), NOW(), 0),
(49, 1, 'Reverse Scarf Hold',        'TOP',            'Kesa gatame invertido: cabeza controlada mirando hacia los pies. Ataques omoplata y americana invertida.',                                               'https://www.youtube.com/watch?v=XTRu2aRFwMM', 'PUBLIC', NOW(), NOW(), 0),
(50, 1, 'Modified Side Control',     'TOP',            'Side control con la cadera baja y el peso distribuido para resistir recuperaciones de guardia.',                                                         'https://www.youtube.com/watch?v=kWxijyG-6BE', 'PUBLIC', NOW(), NOW(), 0),
(51, 1, 'Dogfight',                  'TOP',            'Posición de batalla de rodillas: ambos en all-fours compitiendo underhooks. Transición a side control o back.',                                          'https://www.youtube.com/watch?v=p4zRBQwkmn4', 'PUBLIC', NOW(), NOW(), 0),
(52, 1, 'Inside Heel Hook Position', 'GROUND_NEUTRAL', 'Ashi garami con control interno para inside heel hook. Rodilla del oponente rotada hacia afuera.',                                                       'https://www.youtube.com/watch?v=5wvpttcNdMU', 'PUBLIC', NOW(), NOW(), 0),
(53, 1, 'Saddle',                    'GROUND_NEUTRAL', 'Honey hole / saddle: configuración de piernas para heel hooks con control superior del cuero. La más ventajosa.',                                        'https://www.youtube.com/watch?v=wnEuH8TDkZU', 'PUBLIC', NOW(), NOW(), 0),
(54, 1, 'Double Outside Ashi',       'GROUND_NEUTRAL', 'Ashi garami doble exterior. Presión extrema sobre ambas rodillas. Avanzado, sistema ADCC moderno.',                                                      'https://www.youtube.com/watch?v=eiI_4VBA-qA', 'PUBLIC', NOW(), NOW(), 0),
(55, 1, 'Front Headlock',            'GROUND_NEUTRAL', 'Control de cabeza frontal (no-gi). Base para guillotinas, darcé, anaconda y Peruvian necktie.',                                                          'https://www.youtube.com/watch?v=mCItPpw82nw', 'PUBLIC', NOW(), NOW(), 0),
(56, 1, 'Kimura Trap',               'GROUND_NEUTRAL', 'Brazo del oponente controlado en kimura trap. Sistema ofensivo que conecta múltiples posiciones top.',                                                   'https://www.youtube.com/watch?v=xyCakxmx-2E', 'PUBLIC', NOW(), NOW(), 0),
(57, 1, 'Squid Guard',               'BOTTOM',         'Variante avanzada de DLR con grip en el pantalón. Creada por Marcelo Garcia. Barridos y back takes.',                                                    'https://www.youtube.com/watch?v=5M1TLgoOBNU', 'PUBLIC', NOW(), NOW(), 0),
(58, 1, 'Shin-on-Shin Guard',        'BOTTOM',         'Espinilla contra espinilla del oponente. Guardia de entrada a SLX, DLR y barridos de tracción.',                                                         'https://www.youtube.com/watch?v=1bfW5_54U08', 'PUBLIC', NOW(), NOW(), 0),
(59, 1, 'Octopus Guard',             'BOTTOM',         'Control del brazo y pierna del mismo lado desde abajo. Back take y barridos usando el momentum del oponente.',                                           'https://www.youtube.com/watch?v=LQyn3FMkIto', 'PUBLIC', NOW(), NOW(), 0),
(60, 1, 'Mantis Guard',              'BOTTOM',         'Guardia con el pie en la cadera y el otro controlando la manga. Creada por Robson Moura. Barridos y triangles.',                                         'https://www.youtube.com/watch?v=0IWL67zu3s4', 'PUBLIC', NOW(), NOW(), 0),
(61, 1, 'Williams Guard',            'BOTTOM',         'Pierna enroscada al cuello del oponente con control de brazo. Sistema de Shawn Williams. No requiere solapa.',                                           'https://www.youtube.com/watch?v=1en94XB_2gE', 'PUBLIC', NOW(), NOW(), 0),
(62, 1, 'Coyote Guard',              'BOTTOM',         'DLR con el pie en el hueco de la rodilla del oponente. Barridos de arrastre y transiciones a leg locks.',                                                'https://www.youtube.com/watch?v=INqZhKrlNKk', 'PUBLIC', NOW(), NOW(), 0),
(63, 1, 'Inverted Guard',            'BOTTOM',         'Guardia invertida sobre los hombros mirando hacia abajo. Base para berimbolo y transiciones de leg lock.',                                               'https://www.youtube.com/watch?v=JuYWROW4MNc', 'PUBLIC', NOW(), NOW(), 0),
(64, 1, 'Half Butterfly Guard',      'BOTTOM',         'Combinación de half guard con un gancho mariposa. Versatilidad de ataques entre los dos sistemas.',                                                      'https://www.youtube.com/watch?v=a1x8n0QRl_c', 'PUBLIC', NOW(), NOW(), 0),
(65, 1, 'Seated Rear Guard',         'BOTTOM',         'Sentado con la espalda al oponente, gestionando el back mount antes de que inserte los ganchos.',                                                        'https://www.youtube.com/watch?v=d2n-R6yvw-g', 'PUBLIC', NOW(), NOW(), 0)
ON CONFLICT (id) DO UPDATE SET
  name        = EXCLUDED.name,
  type        = EXCLUDED.type,
  description = EXCLUDED.description,
  youtube_url = EXCLUDED.youtube_url,
  visibility  = EXCLUDED.visibility;

COMMIT;

-- ============================================================
-- TÉCNICAS (1/3: IDs 1-70)
-- ============================================================
BEGIN;

INSERT INTO technique (id, owner_id, name, category, description, youtube_url, minimum_belt, modality, start_position_id, end_position_id, visibility, family, created_at, updated_at, version) OVERRIDING SYSTEM VALUE VALUES
(1,  1, 'Rear Naked Choke',            'SUBMISSION', 'El estrangulamiento más importante del BJJ. Brazo rodeando el cuello con figura de 4. Ataca la arteria carótida.',                                                                                                 'https://www.youtube.com/watch?v=7TChXOpEx5M', 'WHITE',  'BOTH', 8,  40, 'PUBLIC', 'CHOKES',          NOW(), NOW(), 0),
(2,  1, 'Triangle Choke',              'SUBMISSION', 'Triángulo con las piernas atrapando cabeza y brazo del oponente. Estrangulación por compresión carotídea.',                                                                                                        'https://www.youtube.com/watch?v=20j7LcZ5xRY', 'WHITE',  'BOTH', 19, 40, 'PUBLIC', 'TRIANGLES',       NOW(), NOW(), 0),
(3,  1, 'Guillotine Choke',            'SUBMISSION', 'Estrangulación frontal con el brazo rodeando el cuello. Múltiples variantes: arm-in, high elbow, Marcelotine.',                                                                                                   'https://www.youtube.com/watch?v=KrZn5eJ-j4Q', 'WHITE',  'BOTH', 2,  40, 'PUBLIC', 'GUILLOTINES',     NOW(), NOW(), 0),
(4,  1, 'Bow and Arrow Choke',         'SUBMISSION', 'Estrangulación de espalda con grip en cuello y rodilla. La más efectiva desde back mount en gi.',                                                                                                                  'https://www.youtube.com/watch?v=xqNhZVNhxnE', 'BLUE',   'GI',   8,  40, 'PUBLIC', 'CHOKES',          NOW(), NOW(), 0),
(5,  1, 'Cross Collar Choke',          'SUBMISSION', 'Doble grip en las solapas cruzando las muñecas contra el cuello. Clásico del gi desde mount y guardia.',                                                                                                          'https://www.youtube.com/watch?v=9RBN_HVZ2OM', 'WHITE',  'GI',   6,  40, 'PUBLIC', 'CHOKES',          NOW(), NOW(), 0),
(6,  1, 'Baseball Bat Choke',          'SUBMISSION', 'Dos grips en el cuello en la misma dirección desde knee on belly o turtle. Gi. Rotación para aplicar.',                                                                                                           'https://www.youtube.com/watch?v=tc9RVnwKMlk', 'BLUE',   'GI',   11, 40, 'PUBLIC', 'CHOKES',          NOW(), NOW(), 0),
(7,  1, 'D''Arce Choke',               'SUBMISSION', 'Arm triangle con el brazo por debajo del cuello y sobre el brazo atrapado. Sin gi. Desde side control o turtle.',                                                                                                 'https://www.youtube.com/watch?v=8mGJh6sTgN8', 'BLUE',   'NOGI', 9,  40, 'PUBLIC', 'OTHER',           NOW(), NOW(), 0),
(8,  1, 'Anaconda Choke',              'SUBMISSION', 'Inverso del D''Arce: brazo por encima del cuello. Ataque rodando desde turtle. Muy usado en competición.',                                                                                                        'https://www.youtube.com/watch?v=OWVMvV4gmIo', 'BLUE',   'NOGI', 13, 40, 'PUBLIC', 'OTHER',           NOW(), NOW(), 0),
(9,  1, 'North-South Choke',           'SUBMISSION', 'Estrangulación desde north-south usando el brazo y el peso corporal contra el cuello.',                                                                                                                           'https://www.youtube.com/watch?v=HuwV3-g2knA', 'BLUE',   'NOGI', 10, 40, 'PUBLIC', 'CHOKES',          NOW(), NOW(), 0),
(10, 1, 'Ezekiel Choke',               'SUBMISSION', 'Estrangulación usando la manga del gi o la muñeca desde mount. Se puede aplicar con el oponente en guardia cerrada.',                                                                                             'https://www.youtube.com/watch?v=jIXrWitQZx4', 'WHITE',  'GI',   6,  40, 'PUBLIC', 'CHOKES',          NOW(), NOW(), 0),
(11, 1, 'Paper Cutter Choke',          'SUBMISSION', 'Estrangulación desde side control usando el antebrazo a través de la garganta con grip en el cuello lejano.',                                                                                                     'https://www.youtube.com/watch?v=P3BRaKQ0Hac', 'BLUE',   'GI',   9,  40, 'PUBLIC', 'CHOKES',          NOW(), NOW(), 0),
(12, 1, 'Clock Choke',                 'SUBMISSION', 'Estrangulación rotacional desde turtle: grip en el cuello lejano, rodar como las agujas del reloj.',                                                                                                              'https://www.youtube.com/watch?v=QJuyXdkYhm8', 'BLUE',   'GI',   13, 40, 'PUBLIC', 'CHOKES',          NOW(), NOW(), 0),
(13, 1, 'Loop Choke',                  'SUBMISSION', 'Estrangulación sorpresa desde guardia: un grip en el cuello con la cabeza bajo la axila. Gi.',                                                                                                                    'https://www.youtube.com/watch?v=P3BRaKQ0Hac', 'BLUE',   'GI',   19, 40, 'PUBLIC', 'CHOKES',          NOW(), NOW(), 0),
(14, 1, 'Peruvian Necktie',            'SUBMISSION', 'Variante de guillotine con las piernas sobre los hombros del oponente. Front headlock. Sin gi.',                                                                                                                  'https://www.youtube.com/watch?v=6GUtd52rdzY', 'BLUE',   'NOGI', 13, 40, 'PUBLIC', 'CHOKES',          NOW(), NOW(), 0),
(15, 1, 'Armbar',                      'SUBMISSION', 'Hiperextensión del codo. El armbar más importante del BJJ. Aplicable desde mount, guardia, back mount y muchas otras posiciones.',                                                                                'https://www.youtube.com/watch?v=hDmXQz0JT-8', 'WHITE',  'BOTH', 19, 40, 'PUBLIC', 'ARMBARS',         NOW(), NOW(), 0),
(16, 1, 'Kimura',                      'SUBMISSION', 'Llave de hombro con figura de 4 en el brazo. Aplicable desde side control, guardia, half guard y standing.',                                                                                                      'https://www.youtube.com/watch?v=p-6lmaseoGI', 'WHITE',  'BOTH', 9,  40, 'PUBLIC', 'SHOULDER_LOCKS',  NOW(), NOW(), 0),
(17, 1, 'Americana',                   'SUBMISSION', 'Reverso del kimura. Empuja la muñeca hacia el suelo mientras levanta el codo. Desde side control y mount.',                                                                                                       'https://www.youtube.com/watch?v=vJ5EOWy5C2o', 'WHITE',  'BOTH', 9,  40, 'PUBLIC', 'SHOULDER_LOCKS',  NOW(), NOW(), 0),
(18, 1, 'Omoplata',                    'SUBMISSION', 'Llave de hombro usando las piernas. La pierna atrapa el brazo y el cuerpo rota para aplicar la llave.',                                                                                                           'https://www.youtube.com/watch?v=AyqD_5qtZTY', 'WHITE',  'BOTH', 19, 40, 'PUBLIC', 'SHOULDER_LOCKS',  NOW(), NOW(), 0),
(19, 1, 'Wristlock',                   'SUBMISSION', 'Ataque a la articulación de la muñeca. Cuatro variantes: compresión, extensión, rotación interna y externa.',                                                                                                     'https://www.youtube.com/watch?v=Wr0EjCPOC9Y', 'BLUE',   'BOTH', 9,  40, 'PUBLIC', 'SHOULDER_LOCKS',  NOW(), NOW(), 0),
(20, 1, 'Baratoplata',                 'SUBMISSION', 'Llave de hombro tipo kimura usando piernas y caderas. Sigue a un triángulo. Popularizado por Braulio Estima.',                                                                                                    'https://www.youtube.com/watch?v=PgFUi7mMeIo', 'PURPLE', 'BOTH', 19, 40, 'PUBLIC', 'ARMBARS',         NOW(), NOW(), 0),
(21, 1, 'Gogoplata',                   'SUBMISSION', 'Omoplata con el pie en la garganta del oponente. Requiere gran flexibilidad. Sistema rubber guard.',                                                                                                              'https://www.youtube.com/watch?v=PsYSobSqBgI', 'BLUE',   'BOTH', 32, 40, 'PUBLIC', 'ARMBARS',         NOW(), NOW(), 0),
(22, 1, 'Straight Ankle Lock',         'SUBMISSION', 'Llave de tobillo recta: pie en la axila, caderas extendidas. Legal en todos los cinturones.',                                                                                                                     'https://www.youtube.com/watch?v=5ZAqUQpsus8', 'WHITE',  'BOTH', 30, 40, 'PUBLIC', 'LEG_ENTANGLEMENT',NOW(), NOW(), 0),
(23, 1, 'Inside Heel Hook',            'SUBMISSION', 'Torsión del talón hacia adentro atacando el ligamento externo de la rodilla. IBJJF No-Gi: permitido desde brown belt. Permitido desde blanco en ADCC, EBI y la mayoría de torneos de grappling open.',           'https://www.youtube.com/watch?v=w-W0ug7Edag', 'BROWN',  'NOGI', 30, 40, 'PUBLIC', 'LEG_ENTANGLEMENT',NOW(), NOW(), 0),
(24, 1, 'Outside Heel Hook',           'SUBMISSION', 'Torsión del talón hacia afuera atacando los ligamentos internos de la rodilla. El más peligroso de los leg locks. IBJJF No-Gi: permitido desde brown belt. Prohibido en Gi en todas las federaciones importantes.','https://www.youtube.com/watch?v=zQ-FNH5a01k', 'BROWN',  'NOGI', 17, 40, 'PUBLIC', 'LEG_ENTANGLEMENT',NOW(), NOW(), 0),
(25, 1, 'Kneebar',                     'SUBMISSION', 'Hiperextensión de rodilla aislando la pierna entre el cuerpo. IBJJF: legal desde purple belt (Gi y No-Gi). Ataque desde leg entanglement, mount o top half guard.',                                              'https://www.youtube.com/watch?v=oBlMI4iKm3c', 'PURPLE', 'BOTH', 15, 40, 'PUBLIC', 'LEG_ENTANGLEMENT',NOW(), NOW(), 0),
(26, 1, 'Toe Hold',                    'SUBMISSION', 'Rotación del tobillo atacando los ligamentos del pie y tobillo. IBJJF: legal desde blue belt (Gi y No-Gi). Requiere control de pierna previo.',                                                                   'https://www.youtube.com/watch?v=7wVbUS0jCts', 'BLUE',   'BOTH', 15, 40, 'PUBLIC', 'LEG_ENTANGLEMENT',NOW(), NOW(), 0),
(27, 1, 'Calf Slicer',                 'SUBMISSION', 'Compresión del gemelo: espinilla o antebrazo detrás de la rodilla doblando la pierna sobre sí misma. IBJJF: legal desde purple belt (Gi y No-Gi).',                                                               'https://www.youtube.com/watch?v=YVfHVbGX5OA', 'PURPLE', 'BOTH', 15, 40, 'PUBLIC', 'LEG_ENTANGLEMENT',NOW(), NOW(), 0),
(28, 1, 'Bicep Slicer',                'SUBMISSION', 'Compresión del bíceps: antebrazo o espinilla en el pliegue del codo forzando hiperextensión. IBJJF: legal desde brown belt (Gi y No-Gi).',                                                                        'https://www.youtube.com/watch?v=bt_hFveUzzI', 'BROWN',  'BOTH', 19, 40, 'PUBLIC', 'SHOULDER_LOCKS',  NOW(), NOW(), 0),
(29, 1, 'Estima Lock',                 'SUBMISSION', 'Lock de tobillo en rotación externa desde posición top. Prohibido en competición Gi IBJJF. Usado principalmente en grappling No-Gi y submission-only.',                                                           'https://www.youtube.com/watch?v=vRWqSjmhBYI', 'BROWN',  'BOTH', 19, 40, 'PUBLIC', 'SHOULDER_LOCKS',  NOW(), NOW(), 0),
(30, 1, 'Electric Chair',              'SUBMISSION', 'Separación de las piernas del oponente desde lockdown/dogbar half guard, atacando la ingle y espalda baja. IBJJF: no tiene restricción específica, se trata como leg entanglement. Aplicable desde purple belt.',  'https://www.youtube.com/watch?v=YVfHVbGX5OA', 'PURPLE', 'BOTH', 23, 40, 'PUBLIC', 'LEG_ENTANGLEMENT',NOW(), NOW(), 0),
(31, 1, 'Scissor Sweep',               'TAKEDOWN',   'Movimiento en tijera desde guardia cerrada. Se carga al oponente en la rodilla y se hace palanca con las piernas en oposición.',                                                                                   'https://www.youtube.com/watch?v=UBf7uF5x8GQ', 'WHITE',  'BOTH', 19, 6,  'PUBLIC', 'CLOSED_GUARD',    NOW(), NOW(), 0),
(32, 1, 'Hip Bump Sweep',              'TAKEDOWN',   'Explosión de cadera desde guardia cerrada. Se sienta hacia adelante usando el momentum de cadera para voltear.',                                                                                                   'https://www.youtube.com/watch?v=86eSdQYSjxA', 'WHITE',  'BOTH', 19, 6,  'PUBLIC', 'SWEEPS',          NOW(), NOW(), 0),
(33, 1, 'Flower Sweep',                'TAKEDOWN',   'Barrido pendular desde guardia cerrada. Grip en manga y pantalón, movimiento pendular de la pierna libre para voltear.',                                                                                           'https://www.youtube.com/watch?v=hCjf78aGqQI', 'WHITE',  'BOTH', 19, 6,  'PUBLIC', 'CLOSED_GUARD',    NOW(), NOW(), 0),
(34, 1, 'Butterfly Sweep',             'TAKEDOWN',   'Barrido con ganchos mariposa. Underhook + gancho del pie para levantar y voltear. Muy efectivo en no-gi.',                                                                                                         'https://www.youtube.com/watch?v=x7Wv0w9EEcc', 'WHITE',  'BOTH', 24, 6,  'PUBLIC', 'BUTTERFLY_GUARD', NOW(), NOW(), 0),
(35, 1, 'Elevator Sweep',              'TAKEDOWN',   'Barrido desde half guard usando el gancho interior como ascensor para levantar la pierna del oponente.',                                                                                                           'https://www.youtube.com/watch?v=awCHI_VFJQI', 'WHITE',  'BOTH', 20, 6,  'PUBLIC', 'BUTTERFLY_GUARD', NOW(), NOW(), 0),
(36, 1, 'Old School Sweep',            'TAKEDOWN',   'Sweep clásico desde half guard: underhook, control del pie, sacar el pie y rodar. Muy básico y efectivo.',                                                                                                         'https://www.youtube.com/watch?v=b83nf7GRLCU', 'WHITE',  'BOTH', 20, 9,  'PUBLIC', 'HALF_GUARD',      NOW(), NOW(), 0),
(37, 1, 'De La Riva Sweep',            'TAKEDOWN',   'Barrido clásico desde DLR: empujar con el pie del gancho, tirar del tobillo, rodar hacia el lado contrario.',                                                                                                      'https://www.youtube.com/watch?v=J8QJ3tOEBsY', 'WHITE',  'GI',   25, 9,  'PUBLIC', 'DLR_GUARD',       NOW(), NOW(), 0),
(38, 1, 'Spider Guard Sweep',          'TAKEDOWN',   'Barrido desde spider guard: empujar un bíceps con el pie mientras se jala la manga contraria para desequilibrar.',                                                                                                 'https://www.youtube.com/watch?v=ZvhT-y88kk8', 'WHITE',  'GI',   27, 9,  'PUBLIC', 'OPEN_GUARD',      NOW(), NOW(), 0),
(39, 1, 'X-Guard Sweep',               'TAKEDOWN',   'Elevación desde X-guard para tirar al oponente hacia atrás o lateral. Technical stand o proyección.',                                                                                                             'https://www.youtube.com/watch?v=oe-xUmRLcUg', 'WHITE',  'BOTH', 29, 9,  'PUBLIC', 'LEG_ENTANGLEMENT',NOW(), NOW(), 0),
(40, 1, 'Single Leg X Sweep',          'TAKEDOWN',   'Barrido desde ashi garami/SLX. Múltiples variantes: back sweep, outside sweep, technical stand.',                                                                                                                 'https://www.youtube.com/watch?v=9z4WRGQ71bI', 'WHITE',  'BOTH', 30, 9,  'PUBLIC', 'LEG_ENTANGLEMENT',NOW(), NOW(), 0),
(41, 1, 'Lasso Pendulum Sweep',        'TAKEDOWN',   'Combinación de lasso guard y movimiento pendular para voltear al oponente. Solo gi.',                                                                                                                              'https://www.youtube.com/watch?v=RAQiYBz0FiQ', 'WHITE',  'GI',   28, 6,  'PUBLIC', 'OPEN_GUARD',      NOW(), NOW(), 0),
(42, 1, 'Berimbolo Back Take',         'TAKEDOWN',   'Inversión desde DLR para rodar por debajo y tomar la espalda. Movimiento icónico del BJJ moderno.',                                                                                                               'https://www.youtube.com/watch?v=UyHxmqJi4Pc', 'WHITE',  'GI',   25, 8,  'PUBLIC', 'BACK_TAKES',      NOW(), NOW(), 0),
(43, 1, 'Deep Half Sweep',             'TAKEDOWN',   'Barrido desde deep half guard pasando por debajo para voltear al oponente y quedar encima.',                                                                                                                      'https://www.youtube.com/watch?v=OZ8sfB4SLuE', 'WHITE',  'BOTH', 22, 9,  'PUBLIC', 'HALF_GUARD',      NOW(), NOW(), 0),
(44, 1, 'Waiter Sweep',                'TAKEDOWN',   'Sweep desde half guard inspirado en el gesto de mesero: elevar la pierna del oponente con el pie interior.',                                                                                                       'https://www.youtube.com/watch?v=N4-J1j1JNv8', 'WHITE',  'BOTH', 20, 9,  'PUBLIC', 'SWEEPS',          NOW(), NOW(), 0),
(45, 1, 'John Wayne Sweep',            'TAKEDOWN',   'Sweep desde half guard estirando la pierna del oponente lateralmente. Variante del sistema de half guard.',                                                                                                        'https://www.youtube.com/watch?v=wN4gXJSAGoA', 'WHITE',  'BOTH', 20, 9,  'PUBLIC', 'OPEN_GUARD',      NOW(), NOW(), 0),
(46, 1, 'Tripod Sweep',                'TAKEDOWN',   'Barrido desde open guard: un pie en la cadera, otro enganchando el tobillo, jalando la manga hacia abajo.',                                                                                                       'https://www.youtube.com/watch?v=4ICUXPjKIBk', 'WHITE',  'GI',   18, 9,  'PUBLIC', 'GUARD_PASSES',    NOW(), NOW(), 0),
(47, 1, 'Sickle Sweep',                'TAKEDOWN',   'Variante del tripod sweep con el pie barriendo el tobillo del oponente en arco. Desde seated guard.',                                                                                                             'https://www.youtube.com/watch?v=ZL1iqyD4EIg', 'WHITE',  'BOTH', 18, 9,  'PUBLIC', 'SWEEPS',          NOW(), NOW(), 0),
(48, 1, 'Knee Shield Sweep',           'TAKEDOWN',   'Sweep desde Z-guard usando el escudo de rodilla para crear distancia y voltear con underhook.',                                                                                                                   'https://www.youtube.com/watch?v=xGLDU3qLBr0', 'WHITE',  'BOTH', 21, 9,  'PUBLIC', 'HALF_GUARD',      NOW(), NOW(), 0),
(49, 1, 'Torreando Pass',              'PASS',       'Pase de velocidad jalando ambas piernas a un lado y pasando rápidamente a side control. El más fundamental del BJJ.',                                                                                              'https://www.youtube.com/watch?v=bqilRrhC96c', 'WHITE',  'BOTH', 18, 9,  'PUBLIC', 'GUARD_PASSES',    NOW(), NOW(), 0),
(50, 1, 'Knee Slice Pass',             'PASS',       'La rodilla corta diagonalmente el muslo del oponente. El pase más versátil y de mayor porcentaje en gi y no-gi.',                                                                                                  'https://www.youtube.com/watch?v=jiBiDvrz9iw', 'WHITE',  'BOTH', 20, 9,  'PUBLIC', 'GUARD_PASSES',    NOW(), NOW(), 0),
(51, 1, 'Leg Drag Pass',               'PASS',       'Arrastra la pierna del oponente cruzando su cadera. Connector entre passing externo y passing de presión.',                                                                                                       'https://www.youtube.com/watch?v=n596l_pJi-E', 'WHITE',  'BOTH', 25, 9,  'PUBLIC', 'GUARD_PASSES',    NOW(), NOW(), 0),
(52, 1, 'Over-Under Pass',             'PASS',       'Un brazo por encima de una pierna, otro por debajo de la otra. Presión máxima sobre las caderas del oponente.',                                                                                                   'https://www.youtube.com/watch?v=4hAY12ghrGk', 'WHITE',  'BOTH', 19, 9,  'PUBLIC', 'GUARD_PASSES',    NOW(), NOW(), 0),
(53, 1, 'Double Under Pass',           'PASS',       'Ambos brazos por debajo de ambas piernas. Stack y presión hacia la cabeza del oponente para pasar.',                                                                                                              'https://www.youtube.com/watch?v=PizdshB63kw', 'WHITE',  'BOTH', 19, 9,  'PUBLIC', 'GUARD_PASSES',    NOW(), NOW(), 0),
(54, 1, 'Smash Pass',                  'PASS',       'Pase de presión aplastando las piernas del oponente con el peso corporal. No-gi. Muy popular en competición.',                                                                                                    'https://www.youtube.com/watch?v=5WGF7pIe7as', 'WHITE',  'NOGI', 24, 9,  'PUBLIC', 'GUARD_PASSES',    NOW(), NOW(), 0),
(55, 1, 'Body Lock Pass',              'PASS',       'Abrazo de caderas cerrado (no-gi). El estándar del high-level no-gi moderno. Dominado por Gordon Ryan.',                                                                                                          'https://www.youtube.com/watch?v=kJCTVKJR5AM', 'WHITE',  'NOGI', 18, 9,  'PUBLIC', 'GUARD_PASSES',    NOW(), NOW(), 0),
(56, 1, 'X-Pass',                      'PASS',       'Control rápido de una rodilla y cadera para pasar. Velocidad y timing antes que fuerza.',                                                                                                                         'https://www.youtube.com/watch?v=m6HMbS1mnkE', 'WHITE',  'BOTH', 18, 9,  'PUBLIC', 'GUARD_PASSES',    NOW(), NOW(), 0),
(57, 1, 'Long Step Pass',              'PASS',       'Paso largo hacia atrás para liberar la pierna de la guardia y pasar. Efectivo contra guardia cerrada y media guardia.',                                                                                            'https://www.youtube.com/watch?v=hE_hHGcKvHc', 'WHITE',  'BOTH', 19, 9,  'PUBLIC', 'GUARD_PASSES',    NOW(), NOW(), 0),
(58, 1, 'Float Pass',                  'PASS',       'Pase flotante usando timing y equilibrio sin presionar. Popularizado por Danaher/Gordon Ryan contra guardias pegajosas.',                                                                                          'https://www.youtube.com/watch?v=UiFpG9mV5Sg', 'WHITE',  'BOTH', 25, 9,  'PUBLIC', 'GUARD_PASSES',    NOW(), NOW(), 0),
(59, 1, 'Backstep Pass',               'PASS',       'Paso atrás sobre la pierna del oponente para pasar. Muy efectivo contra DLR y guardias abiertas.',                                                                                                                'https://www.youtube.com/watch?v=ibnsTuuKrLU', 'WHITE',  'BOTH', 25, 9,  'PUBLIC', 'GUARD_PASSES',    NOW(), NOW(), 0),
(60, 1, 'Running Pass',                'PASS',       'Rueda lateral o carrera alrededor de la guardia del oponente. Requiere espacio y velocidad.',                                                                                                                     'https://www.youtube.com/watch?v=WeFjJAGZJnA', 'WHITE',  'BOTH', 27, 9,  'PUBLIC', 'GUARD_PASSES',    NOW(), NOW(), 0),
(61, 1, 'Half Guard Pass',             'PASS',       'Pase de media guardia usando crossface y presión para liberar la pierna atrapada.',                                                                                                                               'https://www.youtube.com/watch?v=KuPVJovimxo', 'WHITE',  'BOTH', 20, 9,  'PUBLIC', 'HALF_GUARD',      NOW(), NOW(), 0),
(62, 1, 'Leg Weave Pass',              'PASS',       'Teje el brazo debajo de la pierna conectando al cuello. Pase de presión desde closed guard y half guard.',                                                                                                        'https://www.youtube.com/watch?v=4C28aCPlR60', 'WHITE',  'GI',   20, 9,  'PUBLIC', 'GUARD_PASSES',    NOW(), NOW(), 0),
(63, 1, 'Sao Paulo Pass',              'PASS',       'Pase gi usando el lapel cruzado por debajo de la pierna para fijarla. Variante del over-under.',                                                                                                                  'https://www.youtube.com/watch?v=1n1SsW3NGeY', 'WHITE',  'GI',   19, 9,  'PUBLIC', 'GUARD_PASSES',    NOW(), NOW(), 0),
(64, 1, 'Torreando to Mount',          'PASS',       'Variante del torreando que termina directamente en mount saltando la fase de side control.',                                                                                                                      'https://www.youtube.com/watch?v=EYJJEOqbqzA', 'WHITE',  'BOTH', 18, 6,  'PUBLIC', 'GUARD_PASSES',    NOW(), NOW(), 0),
(65, 1, 'Shin Slide Pass',             'PASS',       'Espinilla deslizando sobre el muslo del oponente para pasar. Variante del knee slice.',                                                                                                                           'https://www.youtube.com/watch?v=LN7vQbV6R8U', 'WHITE',  'BOTH', 20, 9,  'PUBLIC', 'GUARD_PASSES',    NOW(), NOW(), 0),
(66, 1, 'Wilson Pass',                 'PASS',       'Pase de presión usando el hombro en la cadera del oponente. Grinding y lento pero muy efectivo.',                                                                                                                 'https://www.youtube.com/watch?v=jqPuGmXz3Ms', 'WHITE',  'BOTH', 20, 9,  'PUBLIC', 'GUARD_PASSES',    NOW(), NOW(), 0),
(67, 1, 'Double Leg Takedown',         'TAKEDOWN',   'Derribo de lucha libre clásico: agarre de ambas piernas, empuje con el hombro en la cadera.',                                                                                                                     'https://www.youtube.com/watch?v=4DHzLvLd-0Y', 'WHITE',  'BOTH', 1,  9,  'PUBLIC', 'TAKEDOWNS',       NOW(), NOW(), 0),
(68, 1, 'Single Leg Takedown',         'TAKEDOWN',   'Derribo agarrando una sola pierna. Múltiples variantes de terminación: run the pipe, high crotch, trip.',                                                                                                         'https://www.youtube.com/watch?v=4HBVdF5AXc0', 'WHITE',  'BOTH', 1,  9,  'PUBLIC', 'TAKEDOWNS',       NOW(), NOW(), 0),
(69, 1, 'Ankle Pick',                  'TAKEDOWN',   'Derribo de bajo riesgo: jalar el tobillo mientras se empuja el hombro. Muy común en BJJ por su seguridad.',                                                                                                       'https://www.youtube.com/watch?v=Bz8H8bVWA7k', 'WHITE',  'BOTH', 2,  9,  'PUBLIC', 'TAKEDOWNS',       NOW(), NOW(), 0),
(70, 1, 'Arm Drag to Back Take',       'TAKEDOWN',   'Arrastre de brazo de pie para tomar la espalda de pie o llevar al suelo en back mount.',                                                                                                                          'https://www.youtube.com/watch?v=6a7xCbL4e9k', 'WHITE',  'BOTH', 5,  8,  'PUBLIC', 'TAKEDOWNS',       NOW(), NOW(), 0)
ON CONFLICT (id) DO UPDATE SET
  name              = EXCLUDED.name,
  category          = EXCLUDED.category,
  description       = EXCLUDED.description,
  youtube_url       = EXCLUDED.youtube_url,
  minimum_belt      = EXCLUDED.minimum_belt,
  modality          = EXCLUDED.modality,
  start_position_id = EXCLUDED.start_position_id,
  end_position_id   = EXCLUDED.end_position_id,
  visibility        = EXCLUDED.visibility,
  family            = EXCLUDED.family;

COMMIT;

-- ============================================================
-- TÉCNICAS (2/3: IDs 71-140)
-- ============================================================
BEGIN;

INSERT INTO technique (id, owner_id, name, category, description, youtube_url, minimum_belt, modality, start_position_id, end_position_id, visibility, family, created_at, updated_at, version) OVERRIDING SYSTEM VALUE VALUES
(71,  1, 'Hip Throw',                  'TAKEDOWN',   'Proyección de judo básica usando la cadera como pivote (O-Goshi). La más enseñada a principiantes.',                                                                                      'https://www.youtube.com/watch?v=lV59S5JADbQ', 'WHITE',  'BOTH', 2,  9,  'PUBLIC', 'TAKEDOWNS',       NOW(), NOW(), 0),
(72,  1, 'Shoulder Throw',             'TAKEDOWN',   'Proyección de hombro de judo (Seoi Nage). Muy efectiva cuando el oponente empuja. Gi y no-gi.',                                                                                           'https://www.youtube.com/watch?v=ey3VCTdxBYU', 'WHITE',  'BOTH', 2,  9,  'PUBLIC', 'TAKEDOWNS',       NOW(), NOW(), 0),
(73,  1, 'Harai Goshi',                'TAKEDOWN',   'Proyección de judo barriendo la cadera del oponente. Una de las proyecciones más antiguas del Kodokan.',                                                                                  'https://www.youtube.com/watch?v=w4dPmS8JlaI', 'WHITE',  'GI',   2,  9,  'PUBLIC', 'TAKEDOWNS',       NOW(), NOW(), 0),
(74,  1, 'Foot Sweep',                 'TAKEDOWN',   'Barrido de pie interno (O-Uchi Gari). Derribo de bajo riesgo muy usado en BJJ. Funciona en gi y no-gi.',                                                                                  'https://www.youtube.com/watch?v=B8oKkgOmITk', 'WHITE',  'BOTH', 2,  9,  'PUBLIC', 'TAKEDOWNS',       NOW(), NOW(), 0),
(75,  1, 'Kouchi Gari',                'TAKEDOWN',   'Barrido de pie menor interno. Barre el pie delantero del oponente hacia adentro.',                                                                                                        'https://www.youtube.com/watch?v=1FZ8Iid5YFY', 'WHITE',  'GI',   2,  9,  'PUBLIC', 'TAKEDOWNS',       NOW(), NOW(), 0),
(76,  1, 'Snap Down',                  'TAKEDOWN',   'Snap del cuello hacia abajo para hacer turtle al oponente. Base para guillotina o anaconda.',                                                                                             'https://www.youtube.com/watch?v=7G9G5MVkG1c', 'WHITE',  'NOGI', 2,  13, 'PUBLIC', 'TAKEDOWNS',       NOW(), NOW(), 0),
(77,  1, 'Sacrifice Throw',            'TAKEDOWN',   'Proyección de sacrificio (Tomoe Nage): caer de espaldas y proyectar al oponente por encima. Gi. Alto riesgo/recompensa.',                                                                 'https://www.youtube.com/watch?v=pAzqmJOinAU', 'WHITE',  'GI',   2,  6,  'PUBLIC', 'TAKEDOWNS',       NOW(), NOW(), 0),
(78,  1, 'Guard Pull',                 'TAKEDOWN',   'Sentarse a guardia intencionalmente. Técnica controvertida pero muy usada en competición de gi.',                                                                                          'https://www.youtube.com/watch?v=KFLX_FhYh1o', 'WHITE',  'GI',   1,  19, 'PUBLIC', 'TAKEDOWNS',       NOW(), NOW(), 0),
(79,  1, 'Bridge and Roll',            'ESCAPE',     'Puente y rodillo desde bottom mount (Upa). Bridge explosivo al lado donde el brazo está atrapado para volcar.',                                                                            'https://www.youtube.com/watch?v=UyxNPnR24hE', 'WHITE',  'BOTH', 36, 19, 'PUBLIC', 'ESCAPES',         NOW(), NOW(), 0),
(80,  1, 'Elbow-Knee Escape',          'ESCAPE',     'Escape codo-rodilla desde mount usando el movimiento de gambas (shrimp). Recupera guardia media o cerrada.',                                                                              'https://www.youtube.com/watch?v=SYel-mVSMAI', 'WHITE',  'BOTH', 36, 20, 'PUBLIC', 'ESCAPES',         NOW(), NOW(), 0),
(81,  1, 'Side Control Knee-In',       'ESCAPE',     'Insertar la rodilla desde bottom side control usando bridge+shrimp. Recuperar guardia es la clave.',                                                                                      'https://www.youtube.com/watch?v=xOidpN1G-Tk', 'WHITE',  'BOTH', 35, 20, 'PUBLIC', 'ESCAPES',         NOW(), NOW(), 0),
(82,  1, 'Ghost Escape',               'ESCAPE',     'Escapar hacia atrás desde side control como fantasma: rodar el hombro por debajo del oponente.',                                                                                         'https://www.youtube.com/watch?v=t13VFvRh5lo', 'WHITE',  'BOTH', 35, 20, 'PUBLIC', 'OTHER',           NOW(), NOW(), 0),
(83,  1, 'Back Escape',                'ESCAPE',     'Escapar del back mount: bajar el gancho superior, defender el cuello con dos manos y rodar hacia un lado.',                                                                               'https://www.youtube.com/watch?v=N6lKNqUOZoY', 'WHITE',  'BOTH', 37, 9,  'PUBLIC', 'ESCAPES',         NOW(), NOW(), 0),
(84,  1, 'Turtle Guard Recovery',      'ESCAPE',     'Rodar desde turtle para recuperar guardia. Múltiples opciones: rodar adelante, atrás o lateral.',                                                                                         'https://www.youtube.com/watch?v=H1KGOimsBFU', 'WHITE',  'BOTH', 38, 19, 'PUBLIC', 'ESCAPES',         NOW(), NOW(), 0),
(85,  1, 'North-South Escape',         'ESCAPE',     'Escapar desde north-south: girar los hombros y recuperar guardia lateral o media guardia.',                                                                                               'https://www.youtube.com/watch?v=G6f0VK9T1ks', 'WHITE',  'BOTH', 35, 20, 'PUBLIC', 'ESCAPES',         NOW(), NOW(), 0),
(86,  1, 'Kimura Defense to Guard',    'ESCAPE',     'Defender kimura desde side control y convertirla en oportunidad de recuperar guardia.',                                                                                                   'https://www.youtube.com/watch?v=wWq5mJeP_0M', 'WHITE',  'BOTH', 35, 20, 'PUBLIC', 'ESCAPES',         NOW(), NOW(), 0),
(87,  1, 'Knee On Belly Escape',       'ESCAPE',     'Escapar de knee on belly: crear espacio, introducir guardia o rodar hacia los pies del oponente.',                                                                                        'https://www.youtube.com/watch?v=MYi37y_x5TM', 'WHITE',  'BOTH', 39, 20, 'PUBLIC', 'ESCAPES',         NOW(), NOW(), 0),
(88,  1, 'Armbar Defense',             'ESCAPE',     'Defender el armbar: stacking, voltear, interlazar los dedos. Recuperar guardia o posición top.',                                                                                          'https://www.youtube.com/watch?v=0r-6K1UoLnU', 'WHITE',  'BOTH', 19, 9,  'PUBLIC', 'ESCAPES',         NOW(), NOW(), 0),
(89,  1, 'Triangle Defense',           'ESCAPE',     'Defender el triángulo: stack + postura, voltear, salir hacia el pasador.',                                                                                                                'https://www.youtube.com/watch?v=iknZhK5cNZg', 'WHITE',  'BOTH', 19, 9,  'PUBLIC', 'ESCAPES',         NOW(), NOW(), 0),
(90,  1, 'Heel Hook Defense',          'ESCAPE',     'Defensa urgente de heel hook: no rotar la rodilla, alinear caderas con el talón, vine escape o back step para liberar. Necesaria desde cinturón blanco en competición No-Gi.',            'https://www.youtube.com/watch?v=3CmHYtQhbRk', 'WHITE',  'NOGI', 15, 1,  'PUBLIC', 'ESCAPES',         NOW(), NOW(), 0),
(91,  1, 'Mount to Back Take',         'TRANSITION', 'Tomar la espalda desde mount cuando el oponente se voltea intentando escapar. Seguir el movimiento.',                                                                                     'https://www.youtube.com/watch?v=bm4OLGPQZTU', 'WHITE',  'BOTH', 6,  8,  'PUBLIC', 'BACK_TAKES',      NOW(), NOW(), 0),
(92,  1, 'Side Control to Mount',      'TRANSITION', 'Avanzar de side control a mount: knee slide, step over o técnica de rodilla.',                                                                                                            'https://www.youtube.com/watch?v=_M3PEFLbcMs', 'WHITE',  'BOTH', 9,  6,  'PUBLIC', 'GUARD_PASSES',    NOW(), NOW(), 0),
(93,  1, 'Side Control to Back Take',  'TRANSITION', 'Tomar la espalda desde side control cuando el oponente se voltea hacia la turtle.',                                                                                                       'https://www.youtube.com/watch?v=RR8UfHJkxHg', 'WHITE',  'BOTH', 9,  8,  'PUBLIC', 'BACK_TAKES',      NOW(), NOW(), 0),
(94,  1, 'Guard to Back Take',         'TRANSITION', 'Transición de cualquier guardia a toma de espalda. Desde closed guard, butterfly, X-guard.',                                                                                              'https://www.youtube.com/watch?v=J3eN3p1KDNE', 'WHITE',  'BOTH', 19, 8,  'PUBLIC', 'BACK_TAKES',      NOW(), NOW(), 0),
(95,  1, 'Side Control to North-South','TRANSITION', 'Girar de side control a north-south para cambiar ángulo de ataque o presión.',                                                                                                            'https://www.youtube.com/watch?v=qKqEFOLJqX0', 'WHITE',  'BOTH', 9,  10, 'PUBLIC', 'GUARD_PASSES',    NOW(), NOW(), 0),
(96,  1, 'DLR to Single Leg X',        'TRANSITION', 'Transición de DLR a SLX (ashi garami). Girar por debajo para re-enredar la pierna.',                                                                                                      'https://www.youtube.com/watch?v=VKhiHZv1R7o', 'WHITE',  'BOTH', 25, 30, 'PUBLIC', 'LEG_ENTANGLEMENT',NOW(), NOW(), 0),
(97,  1, 'Half Guard to Deep Half',    'TRANSITION', 'Hundirse bajo el oponente desde media guardia para llegar a deep half guard.',                                                                                                             'https://www.youtube.com/watch?v=mKBqFNvYwCQ', 'WHITE',  'BOTH', 20, 22, 'PUBLIC', 'HALF_GUARD',      NOW(), NOW(), 0),
(98,  1, 'Closed Guard to Butterfly',  'TRANSITION', 'Abrir la guardia cerrada y reconfigurar los ganchos para guardia mariposa.',                                                                                                              'https://www.youtube.com/watch?v=5eE7jkxBLKQ', 'WHITE',  'BOTH', 19, 24, 'PUBLIC', 'BUTTERFLY_GUARD', NOW(), NOW(), 0),
(99,  1, 'Mount to Knee On Belly',     'TRANSITION', 'Pasar de mount a knee on belly para cambiar el ángulo o presionar diferente.',                                                                                                            'https://www.youtube.com/watch?v=t2kSoJkMiNI', 'WHITE',  'BOTH', 6,  11, 'PUBLIC', 'OTHER',           NOW(), NOW(), 0),
(100, 1, 'North-South to Kimura Trap', 'TRANSITION', 'Desde north-south entrar al kimura trap para controlar el brazo y avanzar a mount o back.',                                                                                               'https://www.youtube.com/watch?v=KrRHRiKJLTE', 'WHITE',  'BOTH', 10, 6,  'PUBLIC', 'OTHER',           NOW(), NOW(), 0),
(101, 1, 'Ashi Garami to 50/50',       'TRANSITION', 'Desde ashi garami básico el oponente gira para crear la posición 50/50 simétrica.',                                                                                                       'https://www.youtube.com/watch?v=E6gzWpEwGXo', 'PURPLE', 'NOGI', 30, 16, 'PUBLIC', 'LEG_ENTANGLEMENT',NOW(), NOW(), 0),
(102, 1, 'Turtle to Guard Recovery',   'TRANSITION', 'Desde turtle rodar hacia adelante para recuperar guardia antes de que el oponente tome la espalda.',                                                                                      'https://www.youtube.com/watch?v=oPV0mJMD9Xw', 'WHITE',  'BOTH', 38, 19, 'PUBLIC', 'ESCAPES',         NOW(), NOW(), 0),
(103, 1, 'Arm-In Guillotine',          'SUBMISSION', 'Guillotina con el brazo del oponente atrapado dentro. Más segura que la guillotina clásica. Muy popular en no-gi.',                                                                       'https://www.youtube.com/watch?v=RW7Q0rcxXpg', 'BLUE',   'NOGI', 19, 40, 'PUBLIC', 'GUILLOTINES',     NOW(), NOW(), 0),
(104, 1, 'High Elbow Guillotine',      'SUBMISSION', 'Variante de guillotina con el codo elevado para maximizar la presión. Dominada por Marcelo Garcia. Letal en competición.',                                                                'https://www.youtube.com/watch?v=RW7Q0rcxXpg', 'BLUE',   'NOGI', 19, 40, 'PUBLIC', 'GUILLOTINES',     NOW(), NOW(), 0),
(105, 1, 'Marcelotine',                'SUBMISSION', 'Guillotina sin el brazo con el codo cruzando por encima del hombro. Variante de Marcelo Garcia de máxima eficacia.',                                                                      'https://www.youtube.com/watch?v=RW7Q0rcxXpg', 'PURPLE', 'NOGI', 19, 40, 'PUBLIC', 'GUILLOTINES',     NOW(), NOW(), 0),
(106, 1, 'Von Flue Choke',             'SUBMISSION', 'Estrangulación de contraataque a guillotina: bajar el hombro contra el cuello del oponente que intenta guillotina.',                                                                      'https://www.youtube.com/watch?v=RW7Q0rcxXpg', 'PURPLE', 'NOGI', 9,  40, 'PUBLIC', 'CHOKES',          NOW(), NOW(), 0),
(107, 1, 'Lapel Choke',                'SUBMISSION', 'Estrangulación usando la solapa del gi. Grip en solapa propia o del oponente. Múltiples variantes según posición.',                                                                        'https://www.youtube.com/watch?v=xLLYpOsq6GQ', 'BLUE',   'GI',   8,  40, 'PUBLIC', 'CHOKES',          NOW(), NOW(), 0),
(108, 1, 'Brabo Choke',                'SUBMISSION', 'Estrangulación usando la solapa para crear el efecto de guillotina. Gi. También llamado loop choke con solapa.',                                                                          'https://www.youtube.com/watch?v=P3BRaKQ0Hac', 'BLUE',   'GI',   9,  40, 'PUBLIC', 'CHOKES',          NOW(), NOW(), 0),
(109, 1, 'Twister',                    'SUBMISSION', 'Torsión espinal desde control lateral de espalda. Icónico del sistema 10th Planet de Eddie Bravo. Muy raro en competición.',                                                               'https://www.youtube.com/watch?v=QvRmTGSGMoE', 'BROWN',  'NOGI', 8,  40, 'PUBLIC', 'CHOKES',          NOW(), NOW(), 0),
(110, 1, 'Arm Triangle Choke',         'SUBMISSION', 'Estrangulación triángulo con los brazos atrapando cabeza y hombro. Desde mount o side control. Muy efectiva en MMA.',                                                                     'https://www.youtube.com/watch?v=5WGoJMGiKm4', 'BLUE',   'BOTH', 6,  40, 'PUBLIC', 'CHOKES',          NOW(), NOW(), 0),
(111, 1, 'Scarf Choke',                'SUBMISSION', 'Estrangulación desde kesa gatame usando el peso del cuerpo sobre el cuello. Gi y no-gi. Difícil de defender.',                                                                            'https://www.youtube.com/watch?v=rlV8UqBiMaw', 'BLUE',   'BOTH', 12, 40, 'PUBLIC', 'CHOKES',          NOW(), NOW(), 0),
(112, 1, 'Crucifix Choke',             'SUBMISSION', 'Estrangulación desde posición crucifix usando RNC mientras ambos brazos del oponente están controlados.',                                                                                  'https://www.youtube.com/watch?v=QvRmTGSGMoE', 'PURPLE', 'BOTH', 14, 40, 'PUBLIC', 'CHOKES',          NOW(), NOW(), 0),
(113, 1, 'Bread Cutter Choke',         'SUBMISSION', 'Estrangulación desde half guard top cortando el cuello con el antebrazo. Gi. Muy eficaz con crossface.',                                                                                  'https://www.youtube.com/watch?v=P3BRaKQ0Hac', 'BLUE',   'GI',   20, 40, 'PUBLIC', 'CHOKES',          NOW(), NOW(), 0),
(114, 1, 'Mounted Triangle',           'SUBMISSION', 'Triángulo desde mount: piernas alrededor del cuello y brazo del oponente. Muy difícil de escapar para el oponente.',                                                                       'https://www.youtube.com/watch?v=K8oMSsPJnGk', 'PURPLE', 'BOTH', 6,  40, 'PUBLIC', 'TRIANGLES',       NOW(), NOW(), 0),
(115, 1, 'Reverse Triangle',           'SUBMISSION', 'Triángulo invertido con piernas alrededor del cuello en posición opuesta. Desde north-south o turtle top.',                                                                               'https://www.youtube.com/watch?v=K8oMSsPJnGk', 'PURPLE', 'BOTH', 10, 40, 'PUBLIC', 'TRIANGLES',       NOW(), NOW(), 0),
(116, 1, 'Arm Crush',                  'SUBMISSION', 'Compresión del brazo atrapado desde mount usando el peso del cuerpo. Variante de keylock sin grip en la mano.',                                                                           'https://www.youtube.com/watch?v=vJ5EOWy5C2o', 'WHITE',  'BOTH', 6,  40, 'PUBLIC', 'CHOKES',          NOW(), NOW(), 0),
(117, 1, 'Monoplata',                  'SUBMISSION', 'Omoplata invertida con el oponente en posición opuesta. Difícil de configurar pero muy inesperada.',                                                                                       'https://www.youtube.com/watch?v=PgFUi7mMeIo', 'BROWN',  'BOTH', 9,  40, 'PUBLIC', 'ARMBARS',         NOW(), NOW(), 0),
(118, 1, 'Armbar from Mount',          'SUBMISSION', 'Armbar clásico desde mount: levantar la cadera, rotar sobre el brazo y extender las caderas. El más fundamental.',                                                                        'https://www.youtube.com/watch?v=xQ_pN7KZkqk', 'WHITE',  'BOTH', 6,  40, 'PUBLIC', 'ARMBARS',         NOW(), NOW(), 0),
(119, 1, 'Spinning Armbar',            'SUBMISSION', 'Armbar rotacional desde cualquier posición haciendo una vuelta completa sobre el brazo del oponente.',                                                                                     'https://www.youtube.com/watch?v=xQ_pN7KZkqk', 'PURPLE', 'BOTH', 9,  40, 'PUBLIC', 'ARMBARS',         NOW(), NOW(), 0),
(120, 1, 'Shoulder Lock',              'SUBMISSION', 'Llave de hombro sin figura de 4, sólo usando el peso y la torsión directa. Variante simple pero efectiva.',                                                                               'https://www.youtube.com/watch?v=vJ5EOWy5C2o', 'WHITE',  'BOTH', 9,  40, 'PUBLIC', 'SHOULDER_LOCKS',  NOW(), NOW(), 0),
(121, 1, 'Kimura from Guard',          'SUBMISSION', 'Kimura atacada desde guardia cerrada o mariposa. El grip de kimura desde abajo también es herramienta de control.',                                                                       'https://www.youtube.com/watch?v=vCxEHjWFMls', 'WHITE',  'BOTH', 19, 40, 'PUBLIC', 'SHOULDER_LOCKS',  NOW(), NOW(), 0),
(122, 1, 'Kimura from Back',           'SUBMISSION', 'Kimura atacada desde back mount cuando los ganchos están en su lugar. Alta tasa de finalización.',                                                                                         'https://www.youtube.com/watch?v=vCxEHjWFMls', 'BLUE',   'BOTH', 8,  40, 'PUBLIC', 'SHOULDER_LOCKS',  NOW(), NOW(), 0),
(123, 1, 'Hammerlock',                 'SUBMISSION', 'Llave de hombro empujando la mano hacia la espalda (chicken wing). Desde back mount o crucifix.',                                                                                         'https://www.youtube.com/watch?v=vCxEHjWFMls', 'PURPLE', 'BOTH', 8,  40, 'PUBLIC', 'SHOULDER_LOCKS',  NOW(), NOW(), 0),
(124, 1, 'Ankle Lock from 50/50',      'SUBMISSION', 'Llave de tobillo desde posición 50/50. Atacar mientras el oponente también ataca crea urgencia táctica.',                                                                                 'https://www.youtube.com/watch?v=Aa8-FqNxXGk', 'BLUE',   'BOTH', 16, 40, 'PUBLIC', 'LEG_ENTANGLEMENT',NOW(), NOW(), 0),
(125, 1, 'Heel Hook from Saddle',      'SUBMISSION', 'Inside heel hook desde la posición saddle/honey hole (single leg X o ashi garami). El sistema de leg locks más eficiente del grappling moderno. IBJJF No-Gi: legal desde brown belt.',    'https://www.youtube.com/watch?v=2VRnDjJLCQQ', 'BROWN',  'NOGI', 53, 40, 'PUBLIC', 'LEG_ENTANGLEMENT',NOW(), NOW(), 0),
(126, 1, 'Outside Heel Hook 50/50',    'SUBMISSION', 'Outside heel hook desde la posición 50/50. Requiere completar el reaping de la pierna. IBJJF No-Gi: legal desde brown belt en la posición 50/50 con control adecuado.',                   'https://www.youtube.com/watch?v=Xhh0GGAEGmo', 'BROWN',  'NOGI', 16, 40, 'PUBLIC', 'LEG_ENTANGLEMENT',NOW(), NOW(), 0),
(127, 1, 'Heel Hook from Double Outside','SUBMISSION','Heel hook desde doble ashi exterior (outside ashi garami). Alto control de la pierna, ataque al ligamento externo. IBJJF No-Gi: legal desde brown belt. Sistema avanzado de leg entanglement.','https://www.youtube.com/watch?v=Xhh0GGAEGmo', 'BROWN', 'NOGI', 54, 40, 'PUBLIC', 'LEG_ENTANGLEMENT',NOW(), NOW(), 0),
(128, 1, 'Compression Lock',           'SUBMISSION', 'Compresión de articulación desde posición de control. Variante de shoulder lock. IBJJF: sin restricción específica, se aplica criterio de técnica avanzada desde purple belt.',           'https://www.youtube.com/watch?v=YVfHVbGX5OA', 'PURPLE', 'BOTH', 15, 40, 'PUBLIC', 'SHOULDER_LOCKS',  NOW(), NOW(), 0),
(129, 1, 'Hip Lock',                   'SUBMISSION', 'Llave de cadera torciendo la articulación de la cadera. Desde top side control o mount. Alta exigencia técnica.',                                                                         'https://www.youtube.com/watch?v=2VRnDjJLCQQ', 'BROWN',  'BOTH', 9,  40, 'PUBLIC', 'SHOULDER_LOCKS',  NOW(), NOW(), 0),
(130, 1, 'Toehold from Half Guard',    'SUBMISSION', 'Toe hold atacado desde half guard cuando el oponente intenta pasar. Sorpresivo y de alta efectividad.',                                                                                   'https://www.youtube.com/watch?v=RMdvLhAzuAU', 'PURPLE', 'BOTH', 20, 40, 'PUBLIC', 'HALF_GUARD',      NOW(), NOW(), 0),
(131, 1, 'Kneebar from Top',           'SUBMISSION', 'Kneebar desde posición top cuando el oponente abre las piernas para escapar. Rotación sobre la pierna y extensión de caderas para la sumisión. IBJJF: legal desde purple belt.',          'https://www.youtube.com/watch?v=xGRwB_JgNFs', 'PURPLE', 'BOTH', 46, 40, 'PUBLIC', 'LEG_ENTANGLEMENT',NOW(), NOW(), 0),
(132, 1, 'Neck Crank',                 'SUBMISSION', 'Manipulación cervical forzando la flexión o rotación del cuello. Técnica avanzada, ilegal en muchas competiciones gi.',                                                                   'https://www.youtube.com/watch?v=QvRmTGSGMoE', 'BROWN',  'NOGI', 55, 40, 'PUBLIC', 'CHOKES',          NOW(), NOW(), 0),
(133, 1, 'Truck Roll Choke',           'SUBMISSION', 'Estrangulación rodando desde la posición truck de 10th Planet. Crotch control más RNC.',                                                                                                  'https://www.youtube.com/watch?v=QvRmTGSGMoE', 'BROWN',  'NOGI', 47, 40, 'PUBLIC', 'CHOKES',          NOW(), NOW(), 0),
(134, 1, 'Darce from Turtle',          'SUBMISSION', 'D''Arce choke desde turtle top: insertar el brazo bajo el cuello mientras el oponente se defiende en tortuga.',                                                                           'https://www.youtube.com/watch?v=8mGJh6sTgN8', 'BLUE',   'NOGI', 13, 40, 'PUBLIC', 'CHOKES',          NOW(), NOW(), 0),
(135, 1, 'Buggy Choke',                'SUBMISSION', 'Triángulo con el brazo propio desde bottom side control. Contraintuitivo: sin moverse, atrapar el propio brazo.',                                                                         'https://www.youtube.com/watch?v=K8oMSsPJnGk', 'BROWN',  'BOTH', 35, 40, 'PUBLIC', 'CHOKES',          NOW(), NOW(), 0),
(136, 1, 'Shoulder Choke',             'SUBMISSION', 'Estrangulación usando el hombro propio empujando contra el cuello del oponente. No-gi. Desde side control pesado.',                                                                       'https://www.youtube.com/watch?v=rlV8UqBiMaw', 'PURPLE', 'NOGI', 9,  40, 'PUBLIC', 'CHOKES',          NOW(), NOW(), 0),
(137, 1, 'Inverted Armbar',            'SUBMISSION', 'Armbar invertido desde guardia o posición invertida atacando el codo en dirección opuesta al armbar estándar.',                                                                            'https://www.youtube.com/watch?v=xQ_pN7KZkqk', 'PURPLE', 'BOTH', 63, 40, 'PUBLIC', 'ARMBARS',         NOW(), NOW(), 0),
(138, 1, 'Overhead Sweep',             'TAKEDOWN',   'Barrido por encima de la cabeza desde guardia cerrada. El oponente cargar su peso hacia adelante y se lanza por encima.',                                                                  'https://www.youtube.com/watch?v=LowKXx1vI4E', 'WHITE',  'BOTH', 19, 9,  'PUBLIC', 'BUTTERFLY_GUARD', NOW(), NOW(), 0),
(139, 1, 'Pendulum Sweep',             'TAKEDOWN',   'Barrido pendular desde closed guard. Pierna libre oscila para desequilibrar. También llamado Tomoe Nage desde guardia.',                                                                   'https://www.youtube.com/watch?v=v6MuPGPi0A8', 'WHITE',  'BOTH', 19, 6,  'PUBLIC', 'CLOSED_GUARD',    NOW(), NOW(), 0),
(140, 1, 'Double Ankle Sweep',         'TAKEDOWN',   'Control de ambos tobillos desde seated guard empujando con los pies en las caderas para derribar.',                                                                                        'https://www.youtube.com/watch?v=5iP1vhIFKBQ', 'WHITE',  'BOTH', 18, 9,  'PUBLIC', 'SWEEPS',          NOW(), NOW(), 0)
ON CONFLICT (id) DO UPDATE SET
  name              = EXCLUDED.name,
  category          = EXCLUDED.category,
  description       = EXCLUDED.description,
  youtube_url       = EXCLUDED.youtube_url,
  minimum_belt      = EXCLUDED.minimum_belt,
  modality          = EXCLUDED.modality,
  start_position_id = EXCLUDED.start_position_id,
  end_position_id   = EXCLUDED.end_position_id,
  visibility        = EXCLUDED.visibility,
  family            = EXCLUDED.family;

COMMIT;

-- ============================================================
-- TÉCNICAS (3/3: IDs 141-209)
-- ============================================================
BEGIN;

INSERT INTO technique (id, owner_id, name, category, description, youtube_url, minimum_belt, modality, start_position_id, end_position_id, visibility, family, created_at, updated_at, version) OVERRIDING SYSTEM VALUE VALUES
(141, 1, 'Collar Drag Sweep',          'TAKEDOWN',   'Arrastre del cuello desde guardia usando el grip en el cuello. Desequilibra al oponente hacia el costado.',                                                                               'https://www.youtube.com/watch?v=Ao_oJMcMIv4', 'WHITE',  'BOTH', 19, 9,  'PUBLIC', 'SWEEPS',          NOW(), NOW(), 0),
(142, 1, 'Technical Stand Sweep',      'TAKEDOWN',   'Levantarse técnicamente desde single leg X o SLX para voltear al oponente de pie o tomar espalda.',                                                                                      'https://www.youtube.com/watch?v=dqFpT1XCLIM', 'BLUE',   'BOTH', 30, 9,  'PUBLIC', 'SWEEPS',          NOW(), NOW(), 0),
(143, 1, 'Shin-to-Shin Sweep',         'TAKEDOWN',   'Barrido desde shin-on-shin guard usando el gancho del pie para derribar al oponente de espaldas.',                                                                                       'https://www.youtube.com/watch?v=qvJCZh5OVDE', 'BLUE',   'BOTH', 58, 9,  'PUBLIC', 'LEG_ENTANGLEMENT',NOW(), NOW(), 0),
(144, 1, 'Reverse DLR Sweep',          'TAKEDOWN',   'Barrido desde reverse De La Riva: arrastre del talón y empuje de cadera para tirar al oponente.',                                                                                        'https://www.youtube.com/watch?v=9aUCnvLCMg0', 'BLUE',   'BOTH', 26, 9,  'PUBLIC', 'DLR_GUARD',       NOW(), NOW(), 0),
(145, 1, 'K-Guard Sweep',              'TAKEDOWN',   'Barrido desde K-Guard usando el gancho exterior y el control del tobillo para tirar al oponente lateralmente.',                                                                           'https://www.youtube.com/watch?v=JT0GQ9YTCGU', 'BLUE',   'BOTH', 31, 9,  'PUBLIC', 'HALF_GUARD',      NOW(), NOW(), 0),
(146, 1, 'Collar Sleeve Sweep',        'TAKEDOWN',   'Barrido desde collar-sleeve guard: jalar la manga hacia abajo mientras se empuja con el pie en la cadera.',                                                                               'https://www.youtube.com/watch?v=N7Y0bSAQFOI', 'BLUE',   'GI',   34, 6,  'PUBLIC', 'OPEN_GUARD',      NOW(), NOW(), 0),
(147, 1, 'Tomoe Nage',                 'TAKEDOWN',   'Proyección de sacrificio de judo: caer de espaldas y lanzar al oponente por encima usando los pies en el abdomen.',                                                                      'https://www.youtube.com/watch?v=mzF0QLGBF9g', 'BLUE',   'BOTH', 19, 6,  'PUBLIC', 'TAKEDOWNS',       NOW(), NOW(), 0),
(148, 1, 'Koga Sweep',                 'TAKEDOWN',   'Barrido desde butterfly con underhook: explotar hacia el lado del underhook rodando para tomar espalda o mount.',                                                                         'https://www.youtube.com/watch?v=HCpJsH0K7l0', 'BLUE',   'BOTH', 24, 8,  'PUBLIC', 'OPEN_GUARD',      NOW(), NOW(), 0),
(149, 1, 'Half Guard Back Sweep',      'TAKEDOWN',   'Desde half guard profunda, rodar hacia atrás usando el underhook para tomar la espalda o llegar a turtle top.',                                                                           'https://www.youtube.com/watch?v=OZ8sfB4SLuE', 'BLUE',   'BOTH', 20, 8,  'PUBLIC', 'HALF_GUARD',      NOW(), NOW(), 0),
(150, 1, 'Worm Guard Sweep',           'TAKEDOWN',   'Barrido usando el sistema worm guard: solapa enroscada al brazo del oponente para desequilibrarlo.',                                                                                      'https://www.youtube.com/watch?v=9aUCnvLCMg0', 'PURPLE', 'GI',   33, 6,  'PUBLIC', 'OPEN_GUARD',      NOW(), NOW(), 0),
(151, 1, 'Hook Sweep',                 'TAKEDOWN',   'Barrido desde butterfly o media guardia usando el gancho del pie interior para elevar y voltear.',                                                                                        'https://www.youtube.com/watch?v=HCpJsH0K7l0', 'WHITE',  'BOTH', 24, 9,  'PUBLIC', 'BUTTERFLY_GUARD', NOW(), NOW(), 0),
(152, 1, 'Lasso Back Take Sweep',      'TAKEDOWN',   'Desde lasso guard, rodar para tomar la espalda cuando el oponente intenta liberarse del enredo de brazo.',                                                                                'https://www.youtube.com/watch?v=RAQiYBz0FiQ', 'PURPLE', 'GI',   28, 8,  'PUBLIC', 'OPEN_GUARD',      NOW(), NOW(), 0),
(153, 1, 'Stand Up Sweep',             'TAKEDOWN',   'Levantarse de guardia cerrada a single leg: desequilibrar al oponente y tomar single leg desde posición de guardia.',                                                                     'https://www.youtube.com/watch?v=dqFpT1XCLIM', 'WHITE',  'BOTH', 19, 9,  'PUBLIC', 'SWEEPS',          NOW(), NOW(), 0),
(154, 1, 'Deep Half Back Take',        'TAKEDOWN',   'Desde deep half guard rotar 180° para tomar la espalda del oponente. Transición fluida de abajo a arriba.',                                                                              'https://www.youtube.com/watch?v=OZ8sfB4SLuE', 'PURPLE', 'BOTH', 22, 8,  'PUBLIC', 'BACK_TAKES',      NOW(), NOW(), 0),
(155, 1, 'X-Guard Back Sweep',         'TAKEDOWN',   'Desde X-guard arrastrar al oponente hacia atrás cayendo de espaldas. Barrido de gran eficiencia en competición.',                                                                         'https://www.youtube.com/watch?v=QzIBt7FIqJQ', 'BLUE',   'BOTH', 29, 6,  'PUBLIC', 'LEG_ENTANGLEMENT',NOW(), NOW(), 0),
(156, 1, 'Dogfight Back Take',         'TAKEDOWN',   'Desde dogfight: cuando ambos compiten underhooks, tirar el brazo lejano para tomar la espalda.',                                                                                         'https://www.youtube.com/watch?v=Hs9DqZr8JrA', 'BLUE',   'BOTH', 51, 8,  'PUBLIC', 'BACK_TAKES',      NOW(), NOW(), 0),
(157, 1, 'Spider Tomo Sweep',          'TAKEDOWN',   'Barrido de sacrificio desde spider guard: jalar bíceps y empujar con pies para proyectar hacia atrás al oponente.',                                                                      'https://www.youtube.com/watch?v=b5hFJ7_FPL0', 'BLUE',   'GI',   27, 6,  'PUBLIC', 'OPEN_GUARD',      NOW(), NOW(), 0),
(158, 1, 'Knee Cut to Mount',          'PASS',       'Variante del knee slice que termina directamente en mount aprovechando el momentum del corte de rodilla.',                                                                                'https://www.youtube.com/watch?v=m6pz-aFyAnU', 'BLUE',   'BOTH', 20, 6,  'PUBLIC', 'GUARD_PASSES',    NOW(), NOW(), 0),
(159, 1, 'Pressure Pass',              'PASS',       'Pase de presión máxima usando el peso corporal para aplanar al oponente y lentamente pasar la guardia.',                                                                                  'https://www.youtube.com/watch?v=LlupBr_BKWU', 'BLUE',   'BOTH', 19, 9,  'PUBLIC', 'GUARD_PASSES',    NOW(), NOW(), 0),
(160, 1, 'Folding Pass',               'PASS',       'Doblar las piernas del oponente sobre su propio cuerpo para pasar. Stack y presión en mismo movimiento.',                                                                                 'https://www.youtube.com/watch?v=7N3EWb-4NXI', 'BLUE',   'BOTH', 19, 9,  'PUBLIC', 'GUARD_PASSES',    NOW(), NOW(), 0),
(161, 1, 'Headquarters Pass',          'PASS',       'Posición entre half guard y side control: una rodilla en el suelo, otra fuera. Controla antes de decidir la dirección del pase.',                                                         'https://www.youtube.com/watch?v=DtXbmQMPLrs', 'BLUE',   'BOTH', 20, 9,  'PUBLIC', 'GUARD_PASSES',    NOW(), NOW(), 0),
(162, 1, 'Roll Under Pass',            'PASS',       'Rodar bajo las piernas del oponente para aparecer al otro lado. Contra spider guard y guardias cerradas de pies altos.',                                                                  'https://www.youtube.com/watch?v=IGFK_oWVmIA', 'PURPLE', 'GI',   27, 9,  'PUBLIC', 'GUARD_PASSES',    NOW(), NOW(), 0),
(163, 1, 'Stack Pass',                 'PASS',       'Apilar al oponente sobre sus propios hombros. Presión cervical. Se combina con double under para pasar.',                                                                                 'https://www.youtube.com/watch?v=7N3EWb-4NXI', 'WHITE',  'BOTH', 19, 9,  'PUBLIC', 'GUARD_PASSES',    NOW(), NOW(), 0),
(164, 1, 'Toreando 3/4 Pass',          'PASS',       'Torreando incompleto que deja una rodilla al suelo: posición de headquarters para controlar medio camino del pase.',                                                                      'https://www.youtube.com/watch?v=LlupBr_BKWU', 'BLUE',   'BOTH', 18, 20, 'PUBLIC', 'GUARD_PASSES',    NOW(), NOW(), 0),
(165, 1, 'Reverse Half Pass',          'PASS',       'Pasar la media guardia del lado inverso: en lugar de cruzar, dar la vuelta por detrás del oponente.',                                                                                     'https://www.youtube.com/watch?v=IGFK_oWVmIA', 'PURPLE', 'BOTH', 20, 8,  'PUBLIC', 'HALF_GUARD',      NOW(), NOW(), 0),
(166, 1, 'Leg Drag to Back',           'PASS',       'Leg drag que convierte el pase en toma de espalda cuando el oponente gira para seguir el arrastre de pierna.',                                                                            'https://www.youtube.com/watch?v=fqFCEqnSJJg', 'BLUE',   'BOTH', 25, 8,  'PUBLIC', 'BACK_TAKES',      NOW(), NOW(), 0),
(167, 1, 'Forced Half Pass',           'PASS',       'Forzar al oponente a media guardia desde guardia cerrada y luego terminar el pase desde ahí. Flujo estructurado.',                                                                        'https://www.youtube.com/watch?v=LlupBr_BKWU', 'WHITE',  'BOTH', 19, 9,  'PUBLIC', 'HALF_GUARD',      NOW(), NOW(), 0),
(168, 1, 'Lasso Guard Pass',           'PASS',       'Pasar la lasso guard: liberar el brazo enroscado, controlar la cadera y pasar rápido antes de que recupere el control.',                                                                  'https://www.youtube.com/watch?v=RAQiYBz0FiQ', 'PURPLE', 'GI',   28, 9,  'PUBLIC', 'OPEN_GUARD',      NOW(), NOW(), 0),
(169, 1, 'Spider Guard Pass',          'PASS',       'Pasar la spider guard: bajar los pies de los bíceps, controlar las rodillas, torreando o knee cut.',                                                                                      'https://www.youtube.com/watch?v=b5hFJ7_FPL0', 'BLUE',   'GI',   27, 9,  'PUBLIC', 'OPEN_GUARD',      NOW(), NOW(), 0),
(170, 1, 'Hip Escape Pass Counter',    'PASS',       'Seguir el shrimp del oponente desde side control para avanzar a mount o norte-sur sin perder el control.',                                                                                'https://www.youtube.com/watch?v=m6pz-aFyAnU', 'BLUE',   'BOTH', 35, 6,  'PUBLIC', 'GUARD_PASSES',    NOW(), NOW(), 0),
(171, 1, 'Knee Tap Pass',              'PASS',       'Mover la rodilla del oponente a un lado para abrir paso al lado contrario. Velocidad y timing críticos.',                                                                                 'https://www.youtube.com/watch?v=DtXbmQMPLrs', 'WHITE',  'BOTH', 18, 9,  'PUBLIC', 'GUARD_PASSES',    NOW(), NOW(), 0),
(172, 1, 'Drive Through Pass',         'PASS',       'Empujar a través del centro de la guardia con cadera baja. No-gi. Contra guardias abiertas ligeras.',                                                                                     'https://www.youtube.com/watch?v=LlupBr_BKWU', 'BLUE',   'NOGI', 24, 9,  'PUBLIC', 'GUARD_PASSES',    NOW(), NOW(), 0),
(173, 1, 'Cartwheel Pass',             'PASS',       'Pase acrobático voltereta lateral sobre las piernas del oponente. Gi y no-gi. Alta recompensa, requiere atletismo.',                                                                      'https://www.youtube.com/watch?v=_B9VxJlCjUQ', 'PURPLE', 'BOTH', 25, 9,  'PUBLIC', 'GUARD_PASSES',    NOW(), NOW(), 0),
(174, 1, 'Esgrima Pass',               'PASS',       'Pase de esgrima: un brazo controla la rodilla, el otro empuja la cadera, paso lateral rápido. Sin gi.',                                                                                   'https://www.youtube.com/watch?v=fqFCEqnSJJg', 'BLUE',   'NOGI', 18, 9,  'PUBLIC', 'GUARD_PASSES',    NOW(), NOW(), 0),
(175, 1, 'Half Guard Top Pass',        'PASS',       'Completar el pase desde half guard top usando underpinning: hundirse bajo el underhook y rodar a mount.',                                                                                 'https://www.youtube.com/watch?v=xGLDU3qLBr0', 'BLUE',   'BOTH', 20, 6,  'PUBLIC', 'HALF_GUARD',      NOW(), NOW(), 0),
(176, 1, 'Fireman Carry',              'TAKEDOWN',   'Proyección de bombero: control del brazo + pierna, volteo frontal. Gi y no-gi. Alta efectividad desde clinch.',                                                                           'https://www.youtube.com/watch?v=KRi-Fh7FiME', 'BLUE',   'BOTH', 42, 9,  'PUBLIC', 'TAKEDOWNS',       NOW(), NOW(), 0),
(177, 1, 'Suplex',                     'TAKEDOWN',   'Proyección hacia atrás elevando al oponente. Gi y no-gi. Muy espectacular pero requiere fuerza y timing.',                                                                                'https://www.youtube.com/watch?v=KRi-Fh7FiME', 'BLUE',   'BOTH', 44, 9,  'PUBLIC', 'TAKEDOWNS',       NOW(), NOW(), 0),
(178, 1, 'Inside Trip',                'TAKEDOWN',   'Viaje de pie interior desde clinch: pierna barre la parte interna de la rodilla del oponente.',                                                                                           'https://www.youtube.com/watch?v=oIeadGdJMiY', 'WHITE',  'BOTH', 2,  9,  'PUBLIC', 'TAKEDOWNS',       NOW(), NOW(), 0),
(179, 1, 'Outside Trip',               'TAKEDOWN',   'Viaje de pie exterior: pierna barre la parte externa de la rodilla. Judo (Osoto-gari). Muy común en BJJ.',                                                                               'https://www.youtube.com/watch?v=oIeadGdJMiY', 'WHITE',  'BOTH', 2,  9,  'PUBLIC', 'TAKEDOWNS',       NOW(), NOW(), 0),
(180, 1, 'High Crotch',                'TAKEDOWN',   'Variante del single leg con control más alto en la ingle. Transición a single leg takedown o double leg.',                                                                                'https://www.youtube.com/watch?v=eJv7MNcH6X0', 'WHITE',  'BOTH', 3,  9,  'PUBLIC', 'TAKEDOWNS',       NOW(), NOW(), 0),
(181, 1, 'Knee Pick',                  'TAKEDOWN',   'Agarre de la rodilla del oponente jalándola hacia arriba mientras se empuja el cuerpo. Bajo riesgo.',                                                                                     'https://www.youtube.com/watch?v=aSFJhfkNqYA', 'WHITE',  'BOTH', 2,  9,  'PUBLIC', 'TAKEDOWNS',       NOW(), NOW(), 0),
(182, 1, 'Duck Under',                 'TAKEDOWN',   'Duckar bajo el brazo del oponente para tomar la espalda o ejecutar derribo. Desde collar tie o underhook.',                                                                               'https://www.youtube.com/watch?v=eJv7MNcH6X0', 'BLUE',   'BOTH', 43, 8,  'PUBLIC', 'TAKEDOWNS',       NOW(), NOW(), 0),
(183, 1, 'Blast Double Leg',           'TAKEDOWN',   'Double leg explosivo sin pasos intermedios, directo desde neutral. Alta velocidad de entrada.',                                                                                           'https://www.youtube.com/watch?v=oIeadGdJMiY', 'BLUE',   'NOGI', 1,  9,  'PUBLIC', 'OTHER',           NOW(), NOW(), 0),
(184, 1, 'Uchi Mata',                  'TAKEDOWN',   'Proyección de judo con el muslo interior. Alta efectividad en competición de gi. Requiere buen kuzushi.',                                                                                 'https://www.youtube.com/watch?v=haBSH7XWJME', 'BLUE',   'GI',   2,  9,  'PUBLIC', 'TAKEDOWNS',       NOW(), NOW(), 0),
(185, 1, 'Seoi Otoshi',                'TAKEDOWN',   'Caída de espalda hacia adelante cargando al oponente sobre el hombro sin la rotación completa del Seoi Nage.',                                                                            'https://www.youtube.com/watch?v=7fjjJgqMDvY', 'BLUE',   'GI',   2,  9,  'PUBLIC', 'TAKEDOWNS',       NOW(), NOW(), 0),
(186, 1, 'Shrimp to Guard',            'ESCAPE',     'Hip escape (gambas) desde bottom side control para crear espacio e insertar la rodilla y recuperar guardia.',                                                                             'https://www.youtube.com/watch?v=S9pqjRWBNL0', 'WHITE',  'BOTH', 35, 19, 'PUBLIC', 'ESCAPES',         NOW(), NOW(), 0),
(187, 1, 'Granby Roll',                'ESCAPE',     'Rodillo de hombro invertido para escapar de pressure passing o turtle. Recuperar guardia rodando por encima.',                                                                            'https://www.youtube.com/watch?v=5ALqUk9uefk', 'BLUE',   'BOTH', 38, 63, 'PUBLIC', 'ESCAPES',         NOW(), NOW(), 0),
(188, 1, 'Mount Escape to Deep Half',  'ESCAPE',     'Desde bottom mount, hundir la cadera y rodarse al lado para entrar a deep half guard en lugar de half guard estándar.',                                                                   'https://www.youtube.com/watch?v=OZ8sfB4SLuE', 'BLUE',   'BOTH', 36, 22, 'PUBLIC', 'HALF_GUARD',      NOW(), NOW(), 0),
(189, 1, 'Leg Pummeling',              'ESCAPE',     'Pelea de piernas para reconfigurar el leg entanglement: reposicionar la pierna atrapada para salir o mejorar.',                                                                           'https://www.youtube.com/watch?v=fqFCEqnSJJg', 'PURPLE', 'NOGI', 15, 18, 'PUBLIC', 'OTHER',           NOW(), NOW(), 0),
(190, 1, 'Standing Up from Bottom',    'ESCAPE',     'Levantarse técnicamente desde bottom guard: dos manos al suelo, pie libre adelante, explosión hacia arriba.',                                                                             'https://www.youtube.com/watch?v=dqFpT1XCLIM', 'WHITE',  'BOTH', 19, 1,  'PUBLIC', 'ESCAPES',         NOW(), NOW(), 0),
(191, 1, 'Scarf Hold Escape',          'ESCAPE',     'Escape de kesa gatame: puente y rodillo o insertar la rodilla para girar y recuperar guardia.',                                                                                           'https://www.youtube.com/watch?v=S9pqjRWBNL0', 'WHITE',  'BOTH', 12, 20, 'PUBLIC', 'ESCAPES',         NOW(), NOW(), 0),
(192, 1, 'Back Defense Hip Escape',    'ESCAPE',     'Defensa de espalda usando hip escape lateral: deslizarse por debajo de un gancho para liberar la posición.',                                                                              'https://www.youtube.com/watch?v=CRllVj7jriY', 'BLUE',   'BOTH', 37, 20, 'PUBLIC', 'ESCAPES',         NOW(), NOW(), 0),
(193, 1, 'Turtle Granby',              'ESCAPE',     'Desde turtle, rodar con el hombro en arco para reconfigurar y recuperar guardia o llegar a posición neutral.',                                                                            'https://www.youtube.com/watch?v=5ALqUk9uefk', 'BLUE',   'BOTH', 38, 20, 'PUBLIC', 'ESCAPES',         NOW(), NOW(), 0),
(194, 1, 'Choke Defense',              'ESCAPE',     'Defensa de estrangulaciones: tucking the chin, gripper''s elbows, crear espacio para el cuello y escapar.',                                                                               'https://www.youtube.com/watch?v=CRllVj7jriY', 'WHITE',  'BOTH', 37, 9,  'PUBLIC', 'ESCAPES',         NOW(), NOW(), 0),
(195, 1, 'North-South Back Roll',      'ESCAPE',     'Desde north-south invertido, rodar hacia atrás sobre los hombros para recuperar guardia dándole la vuelta.',                                                                              'https://www.youtube.com/watch?v=S9pqjRWBNL0', 'BLUE',   'BOTH', 35, 19, 'PUBLIC', 'BACK_TAKES',      NOW(), NOW(), 0),
(196, 1, 'Side Control to Crucifix',   'TRANSITION', 'Desde side control cuando el oponente inserta un brazo para escapar, atrapar ese brazo con las piernas.',                                                                                'https://www.youtube.com/watch?v=5ALqUk9uefk', 'BLUE',   'BOTH', 9,  14, 'PUBLIC', 'OTHER',           NOW(), NOW(), 0),
(197, 1, 'Knee On Belly to Armbar',    'TRANSITION', 'Desde knee on belly: cuando el oponente empuja la rodilla, rotar hacia el armbar aprovechando el brazo extendido.',                                                                      'https://www.youtube.com/watch?v=xQ_pN7KZkqk', 'BLUE',   'BOTH', 11, 40, 'PUBLIC', 'ARMBARS',         NOW(), NOW(), 0),
(198, 1, 'Turtle to Crucifix',         'TRANSITION', 'Desde turtle top: insertar la pierna dentro de las piernas del oponente para entrar a la posición crucifix.',                                                                            'https://www.youtube.com/watch?v=5ALqUk9uefk', 'PURPLE', 'BOTH', 13, 14, 'PUBLIC', 'BACK_TAKES',      NOW(), NOW(), 0),
(199, 1, 'Guard to Turtle',            'TRANSITION', 'Rodar de guardia a turtle cuando el oponente pasa agresivamente. Defensive reset.',                                                                                                       'https://www.youtube.com/watch?v=5ALqUk9uefk', 'WHITE',  'BOTH', 19, 38, 'PUBLIC', 'CLOSED_GUARD',    NOW(), NOW(), 0),
(200, 1, 'DLR to Berimbolo',           'TRANSITION', 'Entrar al berimbolo desde DLR cuando el oponente intenta pasar. Inversión completa bajo el oponente.',                                                                                   'https://www.youtube.com/watch?v=9aUCnvLCMg0', 'PURPLE', 'GI',   25, 8,  'PUBLIC', 'DLR_GUARD',       NOW(), NOW(), 0),
(201, 1, 'Mount to Triangle',          'TRANSITION', 'Configurar el triángulo desde mount cuando el oponente extiende los brazos para escapar el mount.',                                                                                      'https://www.youtube.com/watch?v=K8oMSsPJnGk', 'BLUE',   'BOTH', 6,  19, 'PUBLIC', 'TRIANGLES',       NOW(), NOW(), 0),
(202, 1, 'Side Control to Leg Lock',   'TRANSITION', 'Desde side control top: pivotar hacia las piernas del oponente para entrar a ashi garami o saddle.',                                                                                     'https://www.youtube.com/watch?v=JT0GQ9YTCGU', 'PURPLE', 'NOGI', 9,  53, 'PUBLIC', 'LEG_ENTANGLEMENT',NOW(), NOW(), 0),
(203, 1, 'Closed Guard to Spider',     'TRANSITION', 'Abrir la guardia y reconfigurar los pies a bíceps del oponente para pasar de closed a spider guard.',                                                                                    'https://www.youtube.com/watch?v=b5hFJ7_FPL0', 'BLUE',   'GI',   19, 27, 'PUBLIC', 'CLOSED_GUARD',    NOW(), NOW(), 0),
(204, 1, 'Closed Guard to DLR',        'TRANSITION', 'Transición de guardia cerrada a De La Riva cuando el oponente se levanta a base neutral.',                                                                                               'https://www.youtube.com/watch?v=9aUCnvLCMg0', 'BLUE',   'GI',   19, 25, 'PUBLIC', 'DLR_GUARD',       NOW(), NOW(), 0),
(205, 1, 'Half Guard to Z-Guard',      'TRANSITION', 'Desde half guard insertar la rodilla como escudo para crear la posición de Z-guard con más control de distancia.',                                                                       'https://www.youtube.com/watch?v=xGLDU3qLBr0', 'WHITE',  'BOTH', 20, 21, 'PUBLIC', 'HALF_GUARD',      NOW(), NOW(), 0),
(206, 1, 'SLX to Saddle',              'TRANSITION', 'Reconfigurar las piernas de single leg X a saddle/honey hole para mejorar el ángulo del heel hook.',                                                                                     'https://www.youtube.com/watch?v=JT0GQ9YTCGU', 'PURPLE', 'NOGI', 30, 53, 'PUBLIC', 'LEG_ENTANGLEMENT',NOW(), NOW(), 0),
(207, 1, 'Back to Mount',              'TRANSITION', 'Desde back mount: cuando se pierde un gancho, pivotar hacia adelante para llegar a mount alto.',                                                                                         'https://www.youtube.com/watch?v=CRllVj7jriY', 'WHITE',  'BOTH', 8,  7,  'PUBLIC', 'BACK_TAKES',      NOW(), NOW(), 0),
(208, 1, 'Turtle to Leg Lock Entry',   'TRANSITION', 'Desde turtle top: pasar la pierna por encima para entrar directamente a ashi garami o saddle.',                                                                                          'https://www.youtube.com/watch?v=JT0GQ9YTCGU', 'PURPLE', 'NOGI', 13, 53, 'PUBLIC', 'LEG_ENTANGLEMENT',NOW(), NOW(), 0),
(209, 1, 'Butterfly to X-Guard',       'TRANSITION', 'Desde butterfly guard: reconfigurar los ganchos para llegar a X-guard cuando el oponente se levanta.',                                                                                   'https://www.youtube.com/watch?v=QzIBt7FIqJQ', 'BLUE',   'BOTH', 24, 29, 'PUBLIC', 'BUTTERFLY_GUARD', NOW(), NOW(), 0)
ON CONFLICT (id) DO UPDATE SET
  name              = EXCLUDED.name,
  category          = EXCLUDED.category,
  description       = EXCLUDED.description,
  youtube_url       = EXCLUDED.youtube_url,
  minimum_belt      = EXCLUDED.minimum_belt,
  modality          = EXCLUDED.modality,
  start_position_id = EXCLUDED.start_position_id,
  end_position_id   = EXCLUDED.end_position_id,
  visibility        = EXCLUDED.visibility,
  family            = EXCLUDED.family;

COMMIT;

-- ============================================================
-- EJERCICIOS (1/2: IDs 1-70)
-- ============================================================
BEGIN;

INSERT INTO exercise (id, owner_id, name, description, category, equipment, youtube_url, visibility, created_at, updated_at, version) OVERRIDING SYSTEM VALUE VALUES
(1,  1, 'Push-Up',                           'Flexión de brazos estándar. Palmas ligeramente más anchas que los hombros, cuerpo recto, pecho casi tocando el suelo. Trabaja pectoral, tríceps y core.',                                          'STRENGTH',    'NO_EQUIPMENT', 'https://www.youtube.com/watch?v=IODxDxX7oi4', 'PUBLIC', NOW(), NOW(), 0),
(2,  1, 'Diamond Push-Up',                   'Flexión con las manos formando un diamante bajo el pecho. Aisla el tríceps y la porción interna del pectoral. Esencial para mejorar finalizaciones de armbar.',                                    'STRENGTH',    'NO_EQUIPMENT', 'https://www.youtube.com/watch?v=J0DnG1_S92I', 'PUBLIC', NOW(), NOW(), 0),
(3,  1, 'Wide Push-Up',                      'Flexión con manos muy abiertas. Mayor énfasis en pectoral externo. Mejora el framing y el control de distancia desde guardia.',                                                                    'STRENGTH',    'NO_EQUIPMENT', 'https://www.youtube.com/watch?v=JScZgCrcJQU', 'PUBLIC', NOW(), NOW(), 0),
(4,  1, 'Archer Push-Up',                    'Flexión unilateral: un brazo extendido al lado mientras el otro dobla. Desarrolla fuerza asimétrica y propioception. Progresión hacia push-up con un brazo.',                                      'STRENGTH',    'NO_EQUIPMENT', 'https://www.youtube.com/watch?v=MxVbNel13Ek', 'PUBLIC', NOW(), NOW(), 0),
(5,  1, 'Pike Push-Up',                      'Flexión en V invertida con las caderas elevadas. Carga el hombro como un press vertical. Preparación para el handstand push-up.',                                                                  'STRENGTH',    'NO_EQUIPMENT', 'https://www.youtube.com/watch?v=fXgou2W10ok', 'PUBLIC', NOW(), NOW(), 0),
(6,  1, 'Bodyweight Squat',                  'Sentadilla con el peso corporal. Talones en el suelo, rodillas siguiendo la dirección de los pies, caderas por debajo de las rodillas. Base de toda la fuerza de piernas.',                        'STRENGTH',    'NO_EQUIPMENT', 'https://www.youtube.com/watch?v=aclHkVaku9U', 'PUBLIC', NOW(), NOW(), 0),
(7,  1, 'Jump Squat',                        'Sentadilla pliométrica con salto explosivo al final del movimiento. Desarrolla potencia de piernas para derribos y barridos explosivos.',                                                          'STRENGTH',    'NO_EQUIPMENT', 'https://www.youtube.com/watch?v=BRfxI2Es2lE', 'PUBLIC', NOW(), NOW(), 0),
(8,  1, 'Bulgarian Split Squat',             'Sentadilla búlgara: pie trasero elevado, pie delantero adelantado. Trabaja cuádriceps, glúteo y equilibrio unilateral. Sin material externo si se apoya en silla.',                               'STRENGTH',    'NO_EQUIPMENT', 'https://www.youtube.com/watch?v=2C-uNgKwPLE', 'PUBLIC', NOW(), NOW(), 0),
(9,  1, 'Pistol Squat',                      'Sentadilla a una pierna. Máxima exigencia unilateral de cuádriceps, glúteo y equilibrio. Requiere meses de progresión. Excelente para prevención de lesiones de rodilla.',                        'STRENGTH',    'NO_EQUIPMENT', 'https://www.youtube.com/watch?v=vq5-vdgJc0I', 'PUBLIC', NOW(), NOW(), 0),
(10, 1, 'Inverted Row (Table)',              'Remo invertido bajo una mesa o barra baja. Cuerpo recto, tirar del pecho hacia la superficie. Trabaja dorsales y bíceps sin material de gym.',                                                     'STRENGTH',    'NO_EQUIPMENT', 'https://www.youtube.com/watch?v=OYUxXMGVuuU', 'PUBLIC', NOW(), NOW(), 0),
(11, 1, 'Plank',                             'Plancha isométrica en codos y puntas de pie. Mantener el cuerpo completamente recto sin caer las caderas. Activa toda la cadena anterior del tronco.',                                             'CORE',        'NO_EQUIPMENT', 'https://www.youtube.com/watch?v=pSHjTRCQxIw', 'PUBLIC', NOW(), NOW(), 0),
(12, 1, 'Side Plank',                        'Plancha lateral: apoyo en un codo y el borde del pie. Activa oblicuos, cuadrado lumbar y glúteo medio. Imprescindible para la estabilidad lateral en guardia.',                                   'CORE',        'NO_EQUIPMENT', 'https://www.youtube.com/watch?v=N_s9em1xTqU', 'PUBLIC', NOW(), NOW(), 0),
(13, 1, 'Hollow Body Hold',                  'Decúbito supino: piernas y hombros elevados, zona lumbar pegada al suelo. La posición base de la gimnasia y del core funcional. Clave para guardias activas.',                                     'CORE',        'NO_EQUIPMENT', 'https://www.youtube.com/watch?v=LlDNef_Ztsc', 'PUBLIC', NOW(), NOW(), 0),
(14, 1, 'Dead Bug',                          'Decúbito supino: piernas y brazos opuestos se alargan simultáneamente sin perder el contacto lumbar. Mejora la coordinación y estabilidad profunda del core.',                                     'CORE',        'NO_EQUIPMENT', 'https://www.youtube.com/watch?v=4XLEnwUr1d8', 'PUBLIC', NOW(), NOW(), 0),
(15, 1, 'V-Up',                              'Desde decúbito supino, elevar piernas y tronco simultáneamente hacia el centro formando una V. Activa recto abdominal y flexores de cadera.',                                                      'CORE',        'NO_EQUIPMENT', 'https://www.youtube.com/watch?v=iP2fjvG0g3w', 'PUBLIC', NOW(), NOW(), 0),
(16, 1, 'Leg Raise',                         'Desde decúbito supino, elevar las piernas juntas hasta 90° sin doblarlas. Trabaja la porción inferior del recto abdominal y los flexores de cadera.',                                              'CORE',        'NO_EQUIPMENT', 'https://www.youtube.com/watch?v=2n4UqRIJyk4', 'PUBLIC', NOW(), NOW(), 0),
(17, 1, 'Mountain Climber',                  'Posición de push-up, llevar las rodillas alternadamente al pecho con rapidez. Combina core con cardio. Simula la explosividad del shrimp bajo presión.',                                          'CORE',        'NO_EQUIPMENT', 'https://www.youtube.com/watch?v=cnyTQDSE884', 'PUBLIC', NOW(), NOW(), 0),
(18, 1, 'Ab Wheel Rollout (towel variation)','Rollout con una toalla sobre suelo liso: manos en la toalla, rodar hacia adelante y volver. Trabaja el core anterior con enorme rango de movimiento.',                                             'CORE',        'NO_EQUIPMENT', 'https://www.youtube.com/watch?v=A3uK5TPzHq8', 'PUBLIC', NOW(), NOW(), 0),
(19, 1, 'Russian Twist',                     'Sentado en V, torcer el tronco de lado a lado. Sin peso externo ya trabaja los oblicuos. Simula el giro del torso en barridos y técnicas rotacionales.',                                           'CORE',        'NO_EQUIPMENT', 'https://www.youtube.com/watch?v=wkD8rjkodUI', 'PUBLIC', NOW(), NOW(), 0),
(20, 1, 'Bear Crawl',                        'Cuadrupedia con rodillas a 5 cm del suelo. Avanzar, retroceder o lateral. Activa core, hombros y cadera de forma integrada. Excelente para la coordinación de BJJ.',                               'CORE',        'NO_EQUIPMENT', 'https://www.youtube.com/watch?v=LCVMqEmgglo', 'PUBLIC', NOW(), NOW(), 0),
(21, 1, 'Burpee',                            'Thrust al suelo, push-up, salto y palmada arriba. El ejercicio de acondicionamiento total más completo para BJJ. Simula la intensidad de los rounds.',                                             'CARDIO',      'NO_EQUIPMENT', 'https://www.youtube.com/watch?v=qLBImHhCXSw', 'PUBLIC', NOW(), NOW(), 0),
(22, 1, 'Sprint',                            'Carrera a máxima velocidad en distancias cortas (20-50 m). Desarrolla el sistema de fosfágenos y la capacidad de explosiones repetidas en combate.',                                               'CARDIO',      'NO_EQUIPMENT', 'https://www.youtube.com/watch?v=3Du0OiBJz0Y', 'PUBLIC', NOW(), NOW(), 0),
(23, 1, 'Shadow Grappling',                  'Practicar técnicas BJJ en el aire: shots, sprawls, barridos y transiciones sin oponente. Mejora la técnica, el ritmo y el acondicionamiento simultáneamente.',                                     'CARDIO',      'NO_EQUIPMENT', 'https://www.youtube.com/watch?v=yLKTfEwVaFQ', 'PUBLIC', NOW(), NOW(), 0),
(24, 1, 'Hip Escape Drill',                  'Ejercicio de gambas continuo a lo largo del tatami: bridge + shrimp repetitivo. Acondicionamiento específico del movimiento más importante de la defensa.',                                        'CARDIO',      'NO_EQUIPMENT', 'https://www.youtube.com/watch?v=D6toRF1vM7s', 'PUBLIC', NOW(), NOW(), 0),
(25, 1, 'Technical Stand Drill',             'Levantarse técnicamente de guardia repetidas veces: mano trasera al suelo, pie libre adelante, subir a postura. Acondicionamiento y técnica combinados.',                                          'CARDIO',      'NO_EQUIPMENT', 'https://www.youtube.com/watch?v=yC_sSqO4Vx0', 'PUBLIC', NOW(), NOW(), 0),
(26, 1, 'High Knees',                        'Carrera en el sitio con rodillas elevadas al pecho. Alta frecuencia de zancada. Prepara el sistema cardiovascular y los flexores de cadera.',                                                      'CARDIO',      'NO_EQUIPMENT', 'https://www.youtube.com/watch?v=QPfOZ0e30xg', 'PUBLIC', NOW(), NOW(), 0),
(27, 1, 'Box Jump (floor level)',            'Salto desde posición de cuclillas a posición de pie completamente extendida. Sin caja. Desarrolla la potencia del tren inferior y la reactividad.',                                                'CARDIO',      'NO_EQUIPMENT', 'https://www.youtube.com/watch?v=HJZh-12p6vg', 'PUBLIC', NOW(), NOW(), 0),
(28, 1, 'Hip Circle',                        'Rotación completa de la cadera en círculos grandes, de pie. Calienta la articulación coxofemoral antes de entrenamiento o competición.',                                                           'MOBILITY',    'NO_EQUIPMENT', 'https://www.youtube.com/watch?v=Wh1Kg2iqBiw', 'PUBLIC', NOW(), NOW(), 0),
(29, 1, 'Spiderman Stretch',                 'Zancada profunda con la mano en el suelo al nivel del pie adelantado, cadera baja. Movilidad de cadera y flexibilidad de psoas. Esencial para guardas abiertas.',                                 'FLEXIBILITY', 'NO_EQUIPMENT', 'https://www.youtube.com/watch?v=FkplpLaXBAE', 'PUBLIC', NOW(), NOW(), 0),
(30, 1, 'World Greatest Stretch',            'Combinación en un movimiento: lunge + rotación de tronco + extensión de cadera. Movilidad global de cadena posterior, torácica y cadera.',                                                        'MOBILITY',    'NO_EQUIPMENT', 'https://www.youtube.com/watch?v=-CiWQ2IvY34', 'PUBLIC', NOW(), NOW(), 0),
(31, 1, 'Neck Bridge',                       'Puente sobre la cabeza y los talones. Fortalece y moviliza la columna cervical. Fundamental para la defensa de estrangulaciones y el wrestling.',                                                  'MOBILITY',    'NO_EQUIPMENT', 'https://www.youtube.com/watch?v=vMMbHjoCgoE', 'PUBLIC', NOW(), NOW(), 0),
(32, 1, 'Shoulder Dislocate',                'Rotación completa de hombros con un palo o toalla: pasar de adelante a atrás con los brazos extendidos. Movilidad de hombro para guardia y control de espalda.',                                  'MOBILITY',    'NO_EQUIPMENT', 'https://www.youtube.com/watch?v=vP8YmmRMz6I', 'PUBLIC', NOW(), NOW(), 0),
(33, 1, 'Pull-Up',                           'Dominada con agarre prono en cualquier barra de puerta o rama. El ejercicio de tren superior más importante para el BJJ. Trabaja dorsales, bíceps y core.',                                        'STRENGTH',    'HOME',         'https://www.youtube.com/watch?v=eGo4IYlbE5g', 'PUBLIC', NOW(), NOW(), 0),
(34, 1, 'Chin-Up',                           'Dominada con agarre supino (manos hacia el cuerpo). Mayor activación del bíceps. Complementa el pull-up para una espalda equilibrada.',                                                            'STRENGTH',    'HOME',         'https://www.youtube.com/watch?v=e1YSApl-QcM', 'PUBLIC', NOW(), NOW(), 0),
(35, 1, 'Resistance Band Row',               'Remo con banda elástica fijada en una puerta. Simula el pulling de clinch y control de espalda. Progresa aumentando la resistencia de la banda.',                                                 'STRENGTH',    'HOME',         'https://www.youtube.com/watch?v=LSkyinhmA8k', 'PUBLIC', NOW(), NOW(), 0),
(36, 1, 'Resistance Band Pull-Apart',        'Sosteniendo la banda a altura de pecho, separar los brazos hasta tocar el pecho. Trabaja los retractores escapulares y el manguito rotador posterior.',                                           'STRENGTH',    'HOME',         'https://www.youtube.com/watch?v=osRimvxXlKQ', 'PUBLIC', NOW(), NOW(), 0),
(37, 1, 'Resistance Band Press',             'Press de pecho con banda fijada detrás. Trabaja el empuje horizontal. Usar en superserie con remo para equilibrio de empuje/tracción.',                                                            'STRENGTH',    'HOME',         'https://www.youtube.com/watch?v=Rn-hf5iauTc', 'PUBLIC', NOW(), NOW(), 0),
(38, 1, 'Glute Bridge',                      'Decúbito supino, rodillas dobladas, empujar las caderas hacia arriba apretando glúteos. Activa glúteos y cadena posterior. Previene lesiones de rodilla y cadera.',                               'STRENGTH',    'HOME',         'https://www.youtube.com/watch?v=X_IGw8U_e38', 'PUBLIC', NOW(), NOW(), 0),
(39, 1, 'Single Leg Glute Bridge',           'Puente de glúteo a una pierna. Mayor demanda unilateral. Corrige desequilibrios entre piernas y fortalece el glúteo para los derribos.',                                                          'STRENGTH',    'HOME',         'https://www.youtube.com/watch?v=sVfp4LN9niA', 'PUBLIC', NOW(), NOW(), 0),
(40, 1, 'Hip Thrust with Chair',             'Hombros apoyados en una silla, caderas elevándose desde el suelo con potencia. Máxima activación del glúteo mayor. Fundamental para la explosividad de cadera.',                                  'STRENGTH',    'HOME',         'https://www.youtube.com/watch?v=cj1hnHOJdNI', 'PUBLIC', NOW(), NOW(), 0),
(41, 1, 'Step-Up',                           'Subir y bajar un escalón o silla de forma controlada. Cuádriceps, isquios y glúteo unilateral. Trabaja el control excéntrico de la rodilla.',                                                     'STRENGTH',    'HOME',         'https://www.youtube.com/watch?v=wfhXnLILqdk', 'PUBLIC', NOW(), NOW(), 0),
(42, 1, 'Towel Row',                         'Remo usando una toalla alrededor de una puerta o poste. Simula el grip de gi. Trabaja la tracción y el agarre simultáneamente.',                                                                   'STRENGTH',    'HOME',         'https://www.youtube.com/watch?v=nZ1XyPqX-E4', 'PUBLIC', NOW(), NOW(), 0),
(43, 1, 'Jump Rope',                         'Comba de saltar. Uno de los mejores acondicionadores cardiovasculares. Mejora el ritmo, la coordinación y la resistencia aeróbica en sesiones de 10-20 min.',                                     'CARDIO',      'HOME',         'https://www.youtube.com/watch?v=1BZM2Vre5oc', 'PUBLIC', NOW(), NOW(), 0),
(44, 1, 'Double Under',                      'Comba donde la cuerda pasa dos veces por cada salto. Alta intensidad, mejora la explosividad de piernas y la coordinación ritmica.',                                                               'CARDIO',      'HOME',         'https://www.youtube.com/watch?v=pQRnSYfliEc', 'PUBLIC', NOW(), NOW(), 0),
(45, 1, 'Resistance Band Sprint',            'Sprint estático con banda elástica fijada detrás de la cintura. Trabaja la mecánica de la zancada y la potencia de cadera bajo resistencia.',                                                     'CARDIO',      'HOME',         'https://www.youtube.com/watch?v=ImGqKnWOP2U', 'PUBLIC', NOW(), NOW(), 0),
(46, 1, 'Stair Climbing',                    'Subir escaleras repetidamente a paso rápido o corriendo. Excelente cardio de baja impacto sobre las rodillas comparado con correr. Fácil de integrar en casa.',                                   'CARDIO',      'HOME',         'https://www.youtube.com/watch?v=a3hWSX4D5hY', 'PUBLIC', NOW(), NOW(), 0),
(47, 1, 'Towel Drag Drill',                  'Arrastrar una toalla con ropa húmeda por el suelo simulando el peso de un oponente. Trabaja la cadena posterior y el sistema cardiovascular.',                                                     'CARDIO',      'HOME',         'https://www.youtube.com/watch?v=1LymhTIa2mY', 'PUBLIC', NOW(), NOW(), 0),
(48, 1, 'Resistance Band Sprawl Drill',      'Con banda en caderas: shot a doble pierna y sprawl de vuelta de forma repetida. Simula la explosividad y el acondicionamiento del wrestling.',                                                    'CARDIO',      'HOME',         NULL,                                          'PUBLIC', NOW(), NOW(), 0),
(49, 1, 'Lateral Shuffle',                   'Desplazamientos laterales rápidos en posición de defensa. Mejora el footwork y la agilidad lateral. Fundamental para el movimiento de pie en BJJ.',                                               'CARDIO',      'HOME',         'https://www.youtube.com/watch?v=O9zzo7oiyK4', 'PUBLIC', NOW(), NOW(), 0),
(50, 1, 'Agility Ladder Drill',              'Ejercicios de pies en escalera de agilidad en el suelo. Múltiples patrones. Mejora la coordinación, el ritmo y la agilidad del footwork de lucha de pie.',                                        'CARDIO',      'HOME',         'https://www.youtube.com/watch?v=66oUAhI0nQQ', 'PUBLIC', NOW(), NOW(), 0),
(51, 1, 'Ab Wheel Rollout',                  'Con rueda abdominal desde rodillas: extender el cuerpo hacia adelante manteniendo la neutralidad lumbar y volver. El ejercicio de core más exigente.',                                             'CORE',        'HOME',         'https://www.youtube.com/watch?v=A3uK5TPzHq8', 'PUBLIC', NOW(), NOW(), 0),
(52, 1, 'Resistance Band Woodchop',          'Rotación diagonal del tronco con banda: desde cadera baja a hombro alto. Trabaja la cadena de rotación. Simula el movimiento de barridos y volteos.',                                              'CORE',        'HOME',         'https://www.youtube.com/watch?v=53Dgt1HiXHo', 'PUBLIC', NOW(), NOW(), 0),
(53, 1, 'Pallof Press',                      'Press isométrico anti-rotación con banda: resistir la rotación mientras se extienden los brazos. Entrena el core para estabilizar bajo carga rotacional.',                                        'CORE',        'HOME',         'https://www.youtube.com/watch?v=5aZ0IhJS8O8', 'PUBLIC', NOW(), NOW(), 0),
(54, 1, 'Dragon Flag',                       'Desde un banco o escalón: todo el cuerpo sube y baja rígido desde los hombros. Uno de los ejercicios de core más difíciles. Recto abdominal total.',                                              'CORE',        'HOME',         'https://www.youtube.com/watch?v=kICxJien7xM', 'PUBLIC', NOW(), NOW(), 0),
(55, 1, 'Yoga Hip Opener',                   'Secuencia de aperturas de cadera: pigeon pose, figura 4, lagartija profunda. 10-15 min diarios transforman la flexibilidad de cadera para la guardia.',                                            'FLEXIBILITY', 'HOME',         'https://www.youtube.com/watch?v=GffXQl3zvUI', 'PUBLIC', NOW(), NOW(), 0),
(56, 1, 'Thoracic Spine Rotation',           'Desde posición de cuadrupedia o de lado, rotar la columna torácica abriendo el pecho. Mejora el giro del tronco para barridos y control de espalda.',                                             'MOBILITY',    'HOME',         'https://www.youtube.com/watch?v=EHZJns1bXPM', 'PUBLIC', NOW(), NOW(), 0),
(57, 1, 'Couch Stretch',                     'Estiramiento de psoas con el pie trasero contra la pared o silla. Alivia la tensión de cadera de quienes pasan muchas horas sentados. Esencial pre-entrenamiento.',                               'FLEXIBILITY', 'HOME',         'https://www.youtube.com/watch?v=Fg-lwNBzVV8', 'PUBLIC', NOW(), NOW(), 0),
(58, 1, 'Foam Roller Thoracic',              'Extensión de columna torácica sobre rodillo o toalla enrollada. Contrarresta la flexión constante del BJJ. Mejora la postura y el rango de extensión.',                                            'MOBILITY',    'HOME',         'https://www.youtube.com/watch?v=SQF-0s1CckA', 'PUBLIC', NOW(), NOW(), 0),
(59, 1, 'Wall Hip Flexor Stretch',           'Estiramiento de hip flexor contra la pared: rodilla trasera en el suelo, pelvis en anteversión, empujar la cadera hacia adelante y abajo.',                                                       'FLEXIBILITY', 'HOME',         'https://www.youtube.com/watch?v=NVzs5gy11wQ', 'PUBLIC', NOW(), NOW(), 0),
(60, 1, 'Banded Shoulder Distraction',       'Banda fijada en alto, meter el brazo y dejar que la tracción separe la cabeza humeral del acromion. Recuperación y movilidad de hombro post-entrenamiento.',                                      'MOBILITY',    'HOME',         'https://www.youtube.com/watch?v=36PcBOwzMZs', 'PUBLIC', NOW(), NOW(), 0),
(61, 1, 'Deadlift',                          'Peso muerto convencional. El ejercicio de fuerza total más transferible al BJJ. Trabaja isquiotibiales, glúteo, espalda baja y grip. Base de todo programa de fuerza.',                           'STRENGTH',    'GYM',          'https://www.youtube.com/watch?v=XxWcirHIwVo', 'PUBLIC', NOW(), NOW(), 0),
(62, 1, 'Romanian Deadlift',                 'Peso muerto rumano: sin doblar las rodillas, bajar la barra por las piernas hasta sentir tensión en isquios. Trabaja la cadena posterior que potencia los derribos.',                             'STRENGTH',    'GYM',          'https://www.youtube.com/watch?v=_oyxCn2iSjU', 'PUBLIC', NOW(), NOW(), 0),
(63, 1, 'Barbell Back Squat',                'Sentadilla con barra en trapecio. El rey de los ejercicios de tren inferior. Trabaja cuádriceps, glúteo e isquios. Potencia directa en barridos y derribos.',                                     'STRENGTH',    'GYM',          'https://www.youtube.com/watch?v=rrJIyZGlK8c', 'PUBLIC', NOW(), NOW(), 0),
(64, 1, 'Front Squat',                       'Sentadilla frontal con barra en hombros. Mayor demanda en cuádriceps y core erector. Postura más vertical, transferible al shot de lucha libre.',                                                  'STRENGTH',    'GYM',          'https://www.youtube.com/watch?v=nmUof3vszxM', 'PUBLIC', NOW(), NOW(), 0),
(65, 1, 'Bench Press',                       'Press de banca con barra o mancuernas. Trabaja pectoral, deltoides anterior y tríceps. Fuerza de empuje horizontal relevante para el framing.',                                                   'STRENGTH',    'GYM',          'https://www.youtube.com/watch?v=gRVjAtPip0Y', 'PUBLIC', NOW(), NOW(), 0),
(66, 1, 'Barbell Row',                       'Remo con barra. Cuerpo paralelo al suelo, tirar la barra hacia el abdomen. El mejor ejercicio de tracción horizontal para el grip y la espalda del BJJ.',                                         'STRENGTH',    'GYM',          'https://www.youtube.com/watch?v=T3N-TO4reLQ', 'PUBLIC', NOW(), NOW(), 0),
(67, 1, 'Weighted Pull-Up',                  'Dominada lastrada con cinturón o chaleco. Progresión de la dominada estándar. Desarrolla la fuerza de latísimo necesaria para el clinch y el arm drag.',                                           'STRENGTH',    'GYM',          'https://www.youtube.com/watch?v=C0I0gb76yaA', 'PUBLIC', NOW(), NOW(), 0),
(68, 1, 'Overhead Press',                    'Press militar con barra o mancuernas de pie. Trabaja el deltoides medio y anterior, tríceps y core. Estabilidad de hombro para submissions y control.',                                           'STRENGTH',    'GYM',          'https://www.youtube.com/watch?v=_RlRDWO2jfg', 'PUBLIC', NOW(), NOW(), 0),
(69, 1, 'Hex Bar Deadlift',                  'Peso muerto con barra hexagonal. Posición más vertical, mayor activación de cuádriceps. Menor carga en la espalda baja. Ideal para atletas de combate.',                                          'STRENGTH',    'GYM',          'https://www.youtube.com/watch?v=a7sQPZsmxvA', 'PUBLIC', NOW(), NOW(), 0),
(70, 1, 'Dumbbell Farmer Walk',              'Cargar mancuernas pesadas y caminar. El ejercicio de grip y core más funcional para BJJ. Trabaja la musculatura de soporte de forma isométrica bajo carga.',                                       'STRENGTH',    'GYM',          'https://www.youtube.com/watch?v=1uOs1hP3u4A', 'PUBLIC', NOW(), NOW(), 0)
ON CONFLICT (id) DO UPDATE SET
  name        = EXCLUDED.name,
  description = EXCLUDED.description,
  category    = EXCLUDED.category,
  equipment   = EXCLUDED.equipment,
  youtube_url = EXCLUDED.youtube_url,
  visibility  = EXCLUDED.visibility;

COMMIT;

-- ============================================================
-- EJERCICIOS (2/2: IDs 71-140)
-- ============================================================
BEGIN;

INSERT INTO exercise (id, owner_id, name, description, category, equipment, youtube_url, visibility, created_at, updated_at, version) OVERRIDING SYSTEM VALUE VALUES
(71,  1, 'Power Clean',                    'Arrancada de potencia desde el suelo a los hombros. Desarrolla la potencia explosiva total. Muy relevante para la velocidad de entrada en derribos.',                                            'STRENGTH',    'GYM',          'https://www.youtube.com/watch?v=5vVSGITznQk', 'PUBLIC', NOW(), NOW(), 0),
(72,  1, 'Barbell Hip Thrust',             'Hip thrust con barra sobre cadera. Máxima activación del glúteo mayor. Potencia de cadera para barridos explosivos y escapes desde bottom mount.',                                              'STRENGTH',    'GYM',          'https://www.youtube.com/watch?v=pF17m_CXfL0', 'PUBLIC', NOW(), NOW(), 0),
(73,  1, 'Face Pull',                      'Remo en polea alta jalando hacia la cara. Trabaja deltoides posterior, trapecios medios y manguito rotador. Previene lesiones de hombro por desequilibrio.',                                    'STRENGTH',    'GYM',          'https://www.youtube.com/watch?v=ljgqer1ZpXg', 'PUBLIC', NOW(), NOW(), 0),
(74,  1, 'Lat Pulldown',                   'Jalón en polea alta. Simula el pull-up con posibilidad de ajustar el peso. Trabaja latísimo del dorso, bíceps y estabilizadores escapulares.',                                                  'STRENGTH',    'GYM',          'https://www.youtube.com/watch?v=hnSqbBk15tw', 'PUBLIC', NOW(), NOW(), 0),
(75,  1, 'Sled Push',                      'Empujar trineo cargado. Acondicionamiento de fuerza resistencia del tren inferior. Muy específico para el drive del double leg y el body lock pass.',                                           'STRENGTH',    'GYM',          'https://www.youtube.com/watch?v=9XRRXaUpnLk', 'PUBLIC', NOW(), NOW(), 0),
(76,  1, 'Rowing Machine',                 'Remo en ergómetro. Trabaja todo el cuerpo en un patrón de tracción. Alta demanda cardiovascular. Intervalos de 500 m para simular la intensidad de un round.',                                 'CARDIO',      'GYM',          'https://www.youtube.com/watch?v=ZN0J6qKCIrI', 'PUBLIC', NOW(), NOW(), 0),
(77,  1, 'Assault Bike',                   'Bicicleta de aire con manubrios de brazos. El acondicionador más brutal para BJJ. Intervalos Tabata en assault bike elevan la capacidad anaeróbica máxima.',                                    'CARDIO',      'GYM',          'https://www.youtube.com/watch?v=Sg3Id7Lu8XU', 'PUBLIC', NOW(), NOW(), 0),
(78,  1, 'Battle Rope',                    'Ondas con cuerdas pesadas. Simula el clinch pummeling y el barrido de brazos. Intervals de 20-30 s con descanso. Cardio de tren superior altamente específico.',                               'CARDIO',      'GYM',          'https://www.youtube.com/watch?v=pQb2xIGioyQ', 'PUBLIC', NOW(), NOW(), 0),
(79,  1, 'Ski Erg',                        'Máquina de remo de pie simulando esquí de fondo. Patrón de jalón bilateral muy específico para el arrastre de brazos en clinch. Alta demanda cardiovascular.',                                  'CARDIO',      'GYM',          NULL,                                          'PUBLIC', NOW(), NOW(), 0),
(80,  1, 'Treadmill Sprint',               'Sprints en cinta a velocidad máxima. Intervalos cortos (10-15 s) con recuperación. Desarrolla el sistema de fosfágenos para las explosiones de BJJ.',                                          'CARDIO',      'GYM',          'https://www.youtube.com/watch?v=W110XPDTo4Q', 'PUBLIC', NOW(), NOW(), 0),
(81,  1, 'Cable Woodchop',                 'Rotación diagonal con polea: desde cadera hacia hombro contrario. Trabaja oblicuos y la cadena de rotación. Específico para barridos y control desde guardia.',                                'CORE',        'GYM',          'https://www.youtube.com/watch?v=53Dgt1HiXHo', 'PUBLIC', NOW(), NOW(), 0),
(82,  1, 'Cable Anti-Rotation Press',      'Pallof press con polea: resistir la rotación mientras se extienden los brazos hacia afuera. Entrena el core para resistir las fuerzas rotacionales de BJJ.',                                   'CORE',        'GYM',          'https://www.youtube.com/watch?v=5aZ0IhJS8O8', 'PUBLIC', NOW(), NOW(), 0),
(83,  1, 'Landmine Rotation',              'Barra en landmine: sujetar la barra con brazos extendidos y rotar de cadera a cadera. Potencia rotatoria con carga. Muy específico para sweeps y throws.',                                     'CORE',        'GYM',          'https://www.youtube.com/watch?v=LCVMqEmgglo', 'PUBLIC', NOW(), NOW(), 0),
(84,  1, 'Hanging Leg Raise',              'Colgado de la barra, elevar las piernas juntas a 90° o hasta el pecho. El mejor ejercicio de core inferior y agarre simultáneo. Durísimo para el grip.',                                       'CORE',        'GYM',          'https://www.youtube.com/watch?v=2n4UqRIJyk4', 'PUBLIC', NOW(), NOW(), 0),
(85,  1, 'Weighted Plank',                 'Plancha estándar con peso encima de la espalda. Progresión de la plancha para mayor demanda isométrica. Trabaja toda la cadena anterior del tronco.',                                          'CORE',        'GYM',          'https://www.youtube.com/watch?v=H88Ip-MUWn0', 'PUBLIC', NOW(), NOW(), 0),
(86,  1, 'Band-Assisted Hip Flexor',       'Con banda fijada en rack: tracción de cadera hacia atrás en lunge position. Libera la tensión del psoas iliaco después de sesiones de BJJ intensas.',                                          'MOBILITY',    'GYM',          'https://www.youtube.com/watch?v=hSnqRdDSdd4', 'PUBLIC', NOW(), NOW(), 0),
(87,  1, 'Box Hip Flexion',                'Apoyado en un plyo box, llevar la rodilla al pecho con control. Trabaja el rango activo de flexión de cadera, clave para guardar las piernas en guardia.',                                     'MOBILITY',    'GYM',          'https://www.youtube.com/watch?v=w7LgagAdcaM', 'PUBLIC', NOW(), NOW(), 0),
(88,  1, 'Nordic Hamstring Curl',          'Arrodillado con pies fijos, bajar el tronco controlando con los isquios. El mejor ejercicio excéntrico para prevenir roturas de isquiotibiales.',                                              'STRENGTH',    'GYM',          'https://www.youtube.com/watch?v=_e9vFU9-tkc', 'PUBLIC', NOW(), NOW(), 0),
(89,  1, 'Cable External Rotation',        'Rotación externa de hombro en polea: codo a 90°, rotar hacia afuera. Fortalece el manguito rotador. Prevención de la lesión de hombro más común en BJJ.',                                     'MOBILITY',    'GYM',          'https://www.youtube.com/watch?v=fuWq7fg74dc', 'PUBLIC', NOW(), NOW(), 0),
(90,  1, 'Jefferson Curl',                 'Peso muerto con flexión vertebral progresiva e intencional. Fortalece la cadena posterior en longitud. Solo para practicantes avanzados con buena técnica base.',                              'FLEXIBILITY', 'GYM',          'https://www.youtube.com/watch?v=rJfehSZOZyU', 'PUBLIC', NOW(), NOW(), 0),
(91,  1, 'Kettlebell Swing',               'Balanceo de kettlebell con explosión de cadera. Trabaja la cadena posterior completa de forma balística. Directamente transferible al hip bump sweep y escapes.',                              'OTHER',       'GYM',          'https://www.youtube.com/watch?v=h-A7HiTNZ5c', 'PUBLIC', NOW(), NOW(), 0),
(92,  1, 'Turkish Get-Up',                 'Levantarse del suelo a de pie con kettlebell en alto. Integra estabilidad de hombro, movilidad de cadera y fuerza funcional total. Movimiento muy específico para BJJ.',                      'OTHER',       'GYM',          'https://www.youtube.com/watch?v=sgd8n917Zv0', 'PUBLIC', NOW(), NOW(), 0),
(93,  1, 'Grip Training (gi)',             'Ejercicios específicos de agarre: towel pull-ups, gi pull-ups, plate pinch, bucket de arroz. Desarrolla el grip indispensable para el juego de gi.',                                           'OTHER',       'GYM',          'https://www.youtube.com/watch?v=m-2XH7vm2Hk', 'PUBLIC', NOW(), NOW(), 0),
(94,  1, 'Medicine Ball Slam',             'Lanzar un balón medicinal con fuerza al suelo desde arriba de la cabeza. Desarrolla la potencia de tracción hacia abajo. Específico para guillotinas y mat returns.',                         'OTHER',       'GYM',          'https://www.youtube.com/watch?v=QxYhFwMd1Ks', 'PUBLIC', NOW(), NOW(), 0),
(95,  1, 'Rotational Medicine Ball Throw', 'Lanzar el balón medicinal contra la pared con rotación de cadera. Potencia rotatoria explícita. Transferible a todos los sweeps y proyecciones del BJJ.',                                     'OTHER',       'GYM',          'https://www.youtube.com/watch?v=DttZ5JU-b_U', 'PUBLIC', NOW(), NOW(), 0),
(96,  1, 'Shrimp (Camarón)',               'Movimiento de cadera fundamental del BJJ para recuperar guardia. Empuja con los pies y escapa la cadera lateralmente tumbado en el suelo.',                                                    'MOBILITY',    'NO_EQUIPMENT', 'https://www.youtube.com/watch?v=D0rTw8IfJDE', 'PUBLIC', NOW(), NOW(), 0),
(97,  1, 'Granby Roll',                    'Voltereta lateral sobre el hombro, esencial para escapar de posiciones de control como el turtle o la presión de side control.',                                                               'MOBILITY',    'NO_EQUIPMENT', 'https://www.youtube.com/watch?v=oiwLe-l4cvM', 'PUBLIC', NOW(), NOW(), 0),
(98,  1, 'Technical Stand-Up',             'Levantarse del suelo guardando distancia y base. Técnica fundamental del BJJ de pie para recuperarse sin exponer la espalda.',                                                                 'MOBILITY',    'NO_EQUIPMENT', 'https://www.youtube.com/watch?v=quMmk9Xs2HE', 'PUBLIC', NOW(), NOW(), 0),
(100, 1, 'Sit-Out',                        'Transición explosiva de cuatro apoyos a posición lateral. Esencial para escapar del control de wrestling y crear ángulos.',                                                                    'MOBILITY',    'NO_EQUIPMENT', 'https://www.youtube.com/watch?v=_kbBhyxV0RY', 'PUBLIC', NOW(), NOW(), 0),
(101, 1, 'Stand-Up in Base',               'Levantarse manteniendo base estable contra derribos. Trabaja el equilibrio y la coordinación en el paso de suelo a pie.',                                                                      'MOBILITY',    'NO_EQUIPMENT', 'https://www.youtube.com/watch?v=JzEaiLDwIwc', 'PUBLIC', NOW(), NOW(), 0),
(102, 1, 'Penetration Step',               'Paso de penetración hacia adentro para entrar en single leg y double leg. Entrenado como movimiento de movilidad aislado.',                                                                    'MOBILITY',    'NO_EQUIPMENT', 'https://www.youtube.com/watch?v=74LN3ev3TAs', 'PUBLIC', NOW(), NOW(), 0),
(103, 1, 'Armbar Hip Extension Drill',     'Extensión de cadera explosiva desde posición de armbar en el suelo. Mejora el finishing del armbar y la movilidad lumbar.',                                                                    'MOBILITY',    'NO_EQUIPMENT', 'https://www.youtube.com/watch?v=hwgY6qlmdrk', 'PUBLIC', NOW(), NOW(), 0),
(104, 1, 'Guard Recovery Hip Circle',      'Círculos de cadera en el suelo para recuperar guardia cuando el rival intenta pasar. Trabaja amplitud y velocidad de cadera.',                                                                 'MOBILITY',    'NO_EQUIPMENT', 'https://www.youtube.com/watch?v=KX1G2RcZ6ro', 'PUBLIC', NOW(), NOW(), 0),
(105, 1, 'Bridge (Puente)',                'Puente de cadera explosivo desde el suelo. Base del escape de mount y ejercicio clave de calentamiento lumbar y glúteo.',                                                                       'MOBILITY',    'NO_EQUIPMENT', 'https://www.youtube.com/watch?v=tSvmWU-0Zo0', 'PUBLIC', NOW(), NOW(), 0),
(106, 1, 'Bridge and Roll Drill',          'Encadenado de puentes laterales para practicar el mecanismo completo de escape de mount. Combina explosividad y coordinación.',                                                                'MOBILITY',    'NO_EQUIPMENT', 'https://www.youtube.com/watch?v=Qq_yUhdYCUY', 'PUBLIC', NOW(), NOW(), 0),
(107, 1, 'Neck Mobility Circles',          'Círculos lentos y controlados de cuello para proteger la columna cervical en el tatami. Imprescindible antes y después de rodar.',                                                             'MOBILITY',    'NO_EQUIPMENT', 'https://www.youtube.com/watch?v=fsw9j3Hu-lg', 'PUBLIC', NOW(), NOW(), 0),
(108, 1, 'Shoulder Roll Forward',          'Rodada hacia adelante sobre el hombro para caídas seguras (ukemi) y transiciones fluidas en el suelo.',                                                                                        'MOBILITY',    'NO_EQUIPMENT', 'https://www.youtube.com/watch?v=Q3MT94wBXbI', 'PUBLIC', NOW(), NOW(), 0),
(109, 1, 'Shoulder Roll Backward',         'Rodada hacia atrás sobre el hombro, fundamental para ukemi en BJJ y escapar de presiones hacia atrás.',                                                                                        'MOBILITY',    'NO_EQUIPMENT', 'https://www.youtube.com/watch?v=iVOG3YyOrPQ', 'PUBLIC', NOW(), NOW(), 0),
(110, 1, 'Sprawl Drill',                   'Sprawl repetido para defensa de derribos. Trabaja la reacción de cadera y la extensión lumbar para neutralizar single y double legs.',                                                         'MOBILITY',    'NO_EQUIPMENT', 'https://www.youtube.com/watch?v=Adz0whT8wBc', 'PUBLIC', NOW(), NOW(), 0),
(111, 1, 'Wrestler''s Sit-Out Series',     'Serie de sit-outs encadenados de wrestling. Mejora la movilidad lateral y las transiciones rápidas cuando el rival tiene control de cintura.',                                                 'MOBILITY',    'NO_EQUIPMENT', 'https://www.youtube.com/watch?v=_kbBhyxV0RY', 'PUBLIC', NOW(), NOW(), 0),
(112, 1, 'Duck Walk',                      'Caminar en cuclillas profundas hacia adelante y atrás. Mejora la movilidad de cadera, rodilla y tobillo esencial para guard players.',                                                         'MOBILITY',    'NO_EQUIPMENT', 'https://www.youtube.com/watch?v=IVFB5KSxGBc', 'PUBLIC', NOW(), NOW(), 0),
(113, 1, 'Crab Walk',                      'Caminar como cangrejo con el cuerpo elevado del suelo. Trabaja movilidad de hombros, cadera y coordinación para posiciones de turtle.',                                                        'MOBILITY',    'NO_EQUIPMENT', 'https://www.youtube.com/watch?v=4JuKZA2jT6Y', 'PUBLIC', NOW(), NOW(), 0),
(114, 1, 'Inchworm',                       'Gusano: desde de pie, llevar las manos al suelo y avanzar hasta plancha, luego volver. Combina movilidad de isquiotibiales y tren superior.',                                                 'MOBILITY',    'NO_EQUIPMENT', 'https://www.youtube.com/watch?v=0HFXsIMKqUg', 'PUBLIC', NOW(), NOW(), 0),
(115, 1, 'Jiu-Jitsu Hip Mobility Flow',    'Flujo completo de movilidad de cadera encadenando shrimp + bridge + guard recovery roll. Calentamiento completo pre-sesión BJJ.',                                                              'MOBILITY',    'NO_EQUIPMENT', 'https://www.youtube.com/watch?v=raTdwv3d4GU', 'PUBLIC', NOW(), NOW(), 0),
(116, 1, 'Knee Circle Drill',              'Círculos de rodilla en postura de guardia para calentar la articulación antes de rodar. Previene lesiones en guard players.',                                                                  'MOBILITY',    'NO_EQUIPMENT', 'https://www.youtube.com/watch?v=92owncvIHlY', 'PUBLIC', NOW(), NOW(), 0),
(117, 1, 'Ankle Rotation Drill',           'Rotaciones de tobillo en todas las direcciones. Clave para guard players que trabajan leg locks y necesitan movilidad articular.',                                                             'MOBILITY',    'NO_EQUIPMENT', 'https://www.youtube.com/watch?v=QV-x1tK7U4w', 'PUBLIC', NOW(), NOW(), 0),
(118, 1, 'Wrist Mobility Drill',           'Movilidad y calentamiento de muñecas con círculos y extensiones. Imprescindible para wrestling, pummeling y clinch work.',                                                                     'MOBILITY',    'NO_EQUIPMENT', 'https://www.youtube.com/watch?v=7xY-JrvtnC0', 'PUBLIC', NOW(), NOW(), 0),
(120, 1, 'Hip Flexor Lunge Flow',          'Estocadas con flujo de cadera hacia adelante y atrás, añadiendo rotación. Abre el flexor de cadera para mejorar la guardia cerrada y abierta.',                                               'MOBILITY',    'NO_EQUIPMENT', 'https://www.youtube.com/watch?v=tsGPYSQbZx4', 'PUBLIC', NOW(), NOW(), 0),
(121, 1, 'Butterfly Stretch',              'Estiramiento de aductores en posición de guardia mariposa: plantas de los pies juntas, rodillas hacia el suelo. Mejora la apertura de cadera.',                                               'FLEXIBILITY', 'NO_EQUIPMENT', 'https://www.youtube.com/watch?v=VvMg0Bimxe8', 'PUBLIC', NOW(), NOW(), 0),
(122, 1, 'Hip Flexor Stretch',             'Apertura del flexor de cadera en posición de estocada baja. Mejora la guardia cerrada y la postura en el suelo.',                                                                             'FLEXIBILITY', 'NO_EQUIPMENT', 'https://www.youtube.com/watch?v=NWVQxUFH9C4', 'PUBLIC', NOW(), NOW(), 0),
(123, 1, 'Seated Forward Fold',            'Flexión hacia adelante sentado con piernas extendidas. Estira isquiotibiales y zona lumbar, fundamental para guard play.',                                                                     'FLEXIBILITY', 'NO_EQUIPMENT', 'https://www.youtube.com/watch?v=SLIaql7h6RQ', 'PUBLIC', NOW(), NOW(), 0),
(124, 1, 'Spinal Twist Stretch',           'Torsión espinal sentado cruzando una pierna. Mejora la movilidad de columna para barridas, guardias y transiciones rotacionales.',                                                             'FLEXIBILITY', 'NO_EQUIPMENT', 'https://www.youtube.com/watch?v=mNdJti7ZwKI', 'PUBLIC', NOW(), NOW(), 0),
(125, 1, 'Pigeon Pose',                    'Apertura profunda de cadera en posición de paloma (yoga). Mejora significativamente la guardia y facilita los leg locks.',                                                                     'FLEXIBILITY', 'NO_EQUIPMENT', 'https://www.youtube.com/watch?v=0zyhKn7b29I', 'PUBLIC', NOW(), NOW(), 0),
(126, 1, 'Frog Stretch',                   'Estiramiento de rana: rodillas separadas en el suelo, cadera hacia atrás. Para aductores profundos, essential en half guard y De La Riva.',                                                   'FLEXIBILITY', 'NO_EQUIPMENT', 'https://www.youtube.com/watch?v=JDscdeuAzCU', 'PUBLIC', NOW(), NOW(), 0),
(127, 1, 'Standing Hip Circle',            'Círculos de cadera de pie con amplitud máxima. Calentamiento dinámico antes de rodar para activar toda la articulación de cadera.',                                                            'FLEXIBILITY', 'NO_EQUIPMENT', 'https://www.youtube.com/watch?v=oU_oVMJL3-8', 'PUBLIC', NOW(), NOW(), 0),
(128, 1, 'Shoulder Cross-Body Stretch',    'Estiramiento de hombro cruzando el brazo ante el pecho. Previene lesiones de kimura y americana trabajando el manguito rotador.',                                                              'FLEXIBILITY', 'NO_EQUIPMENT', 'https://www.youtube.com/watch?v=-1K0m5ywRcY', 'PUBLIC', NOW(), NOW(), 0),
(129, 1, 'Neck Lateral Stretch',           'Estiramiento lateral de cuello inclinando la cabeza hacia el hombro. Previene lesiones en guillotinas, darce y front headlock.',                                                               'FLEXIBILITY', 'NO_EQUIPMENT', 'https://www.youtube.com/watch?v=54y0JAT46vE', 'PUBLIC', NOW(), NOW(), 0),
(130, 1, 'Thoracic Extension Stretch',     'Extensión torácica tumbado en el suelo o sobre un rodillo. Abre el pecho y mejora la postura en guardia, contrarrestando la cifosis del BJJ.',                                                 'FLEXIBILITY', 'NO_EQUIPMENT', 'https://www.youtube.com/watch?v=ojCkd6_VdNk', 'PUBLIC', NOW(), NOW(), 0),
(132, 1, 'Pancake Stretch',                'Apertura de piernas con tronco inclinado hacia el suelo. Estiramiento avanzado para X-guard, leg entanglement y rubber guard.',                                                                'FLEXIBILITY', 'NO_EQUIPMENT', 'https://www.youtube.com/watch?v=zLCHKQVl10g', 'PUBLIC', NOW(), NOW(), 0),
(133, 1, 'Straddle Stretch',               'Apertura de piernas sentado en el suelo, inclinando el tronco a cada lado. Esencial para De La Riva, rubber guard y guardias abiertas.',                                                      'FLEXIBILITY', 'NO_EQUIPMENT', 'https://www.youtube.com/watch?v=TqK2dAvw-H4', 'PUBLIC', NOW(), NOW(), 0),
(134, 1, 'Cobra Pose',                     'Extensión lumbar suave boca abajo apoyándose en las manos. Contrarresta la posición encogida característica del BJJ y estira el abdomen.',                                                     'FLEXIBILITY', 'NO_EQUIPMENT', 'https://www.youtube.com/watch?v=n6jrC6WeF84', 'PUBLIC', NOW(), NOW(), 0),
(135, 1, 'Child''s Pose',                  'Postura del niño: rodillas al suelo, brazos estirados al frente. Relaja la columna, hombros y caderas después del entrenamiento.',                                                             'FLEXIBILITY', 'NO_EQUIPMENT', 'https://www.youtube.com/watch?v=kH12QrSGedM', 'PUBLIC', NOW(), NOW(), 0),
(136, 1, 'Lat Stretch Hanging',            'Estiramiento de dorsal colgado de una barra con una o dos manos. Mejora la capacidad de extensión para tomas largas y clinch work.',                                                           'FLEXIBILITY', 'NO_EQUIPMENT', 'https://www.youtube.com/watch?v=quALD8pisKs', 'PUBLIC', NOW(), NOW(), 0),
(137, 1, 'Wrist Flexor Stretch',           'Estiramiento de flexores de muñeca extendiendo el brazo y tirando de los dedos hacia atrás. Previene lesiones en gripping y pummeling.',                                                      'FLEXIBILITY', 'NO_EQUIPMENT', 'https://www.youtube.com/watch?v=R7dI2ZcbiMI', 'PUBLIC', NOW(), NOW(), 0),
(138, 1, 'Achilles and Calf Stretch',      'Estiramiento de gemelo y tendón de Aquiles contra la pared. Clave para guard players que mantienen posiciones de rodilla al suelo.',                                                           'FLEXIBILITY', 'NO_EQUIPMENT', 'https://www.youtube.com/watch?v=mDxFZDA7Uq0', 'PUBLIC', NOW(), NOW(), 0),
(139, 1, 'Glute Stretch Figure-4',         'Estiramiento de glúteo en figura 4 tumbado o sentado. Mejora la salida de mount, la defensa de back control y el juego De La Riva.',                                                           'FLEXIBILITY', 'NO_EQUIPMENT', 'https://www.youtube.com/watch?v=-g0nuyTHMrI', 'PUBLIC', NOW(), NOW(), 0),
(140, 1, 'Full Body BJJ Cool-Down Flow',   'Flujo completo de estiramientos post-entrenamiento BJJ: child''s pose + spinal twist + pigeon + butterfly + forward fold. 10 minutos de recuperación activa.',                                'FLEXIBILITY', 'NO_EQUIPMENT', 'https://www.youtube.com/watch?v=WxfPt3n44sc', 'PUBLIC', NOW(), NOW(), 0)
ON CONFLICT (id) DO UPDATE SET
  name        = EXCLUDED.name,
  description = EXCLUDED.description,
  category    = EXCLUDED.category,
  equipment   = EXCLUDED.equipment,
  youtube_url = EXCLUDED.youtube_url,
  visibility  = EXCLUDED.visibility;

COMMIT;

-- ============================================================
-- RULESETS
-- ============================================================
BEGIN;

INSERT INTO ruleset (id, federation_id, belt, modality, effective_from, source_url, created_at, updated_at, version) OVERRIDING SYSTEM VALUE VALUES
(1,  1, 'WHITE',  'GI',   '2024-01-01', 'https://ibjjf.com/rules', NOW(), NOW(), 0),
(2,  1, 'BLUE',   'GI',   '2024-01-01', 'https://ibjjf.com/rules', NOW(), NOW(), 0),
(3,  1, 'PURPLE', 'GI',   '2024-01-01', 'https://ibjjf.com/rules', NOW(), NOW(), 0),
(4,  1, 'BROWN',  'GI',   '2024-01-01', 'https://ibjjf.com/rules', NOW(), NOW(), 0),
(5,  1, 'BLACK',  'GI',   '2024-01-01', 'https://ibjjf.com/rules', NOW(), NOW(), 0),
(6,  1, 'WHITE',  'NOGI', '2024-01-01', 'https://ibjjf.com/rules', NOW(), NOW(), 0),
(7,  1, 'BLUE',   'NOGI', '2024-01-01', 'https://ibjjf.com/rules', NOW(), NOW(), 0),
(8,  1, 'PURPLE', 'NOGI', '2024-01-01', 'https://ibjjf.com/rules', NOW(), NOW(), 0),
(9,  1, 'BROWN',  'NOGI', '2024-01-01', 'https://ibjjf.com/rules', NOW(), NOW(), 0),
(10, 1, 'BLACK',  'NOGI', '2024-01-01', 'https://ibjjf.com/rules', NOW(), NOW(), 0),
(11, 2, 'BLACK',  'NOGI', '2022-01-01', 'https://adcombat.com/rules', NOW(), NOW(), 0),
(12, 3, 'WHITE',  'GI',   '2023-01-01', 'https://ajptour.com/rules', NOW(), NOW(), 0),
(13, 3, 'BLUE',   'GI',   '2023-01-01', 'https://ajptour.com/rules', NOW(), NOW(), 0),
(14, 3, 'PURPLE', 'GI',   '2023-01-01', 'https://ajptour.com/rules', NOW(), NOW(), 0),
(15, 3, 'BROWN',  'GI',   '2023-01-01', 'https://ajptour.com/rules', NOW(), NOW(), 0),
(16, 3, 'BLACK',  'GI',   '2023-01-01', 'https://ajptour.com/rules', NOW(), NOW(), 0),
(17, 3, 'WHITE',  'NOGI', '2023-01-01', 'https://ajptour.com/rules', NOW(), NOW(), 0),
(18, 3, 'BLUE',   'NOGI', '2023-01-01', 'https://ajptour.com/rules', NOW(), NOW(), 0),
(19, 3, 'PURPLE', 'NOGI', '2023-01-01', 'https://ajptour.com/rules', NOW(), NOW(), 0),
(20, 3, 'BROWN',  'NOGI', '2023-01-01', 'https://ajptour.com/rules', NOW(), NOW(), 0),
(21, 3, 'BLACK',  'NOGI', '2023-01-01', 'https://ajptour.com/rules', NOW(), NOW(), 0)
ON CONFLICT (federation_id, belt, modality, effective_from) DO UPDATE SET
  source_url = EXCLUDED.source_url;

COMMIT;

-- ============================================================
-- RULESET_TECHNIQUES (209 restricciones)
-- ============================================================
BEGIN;

INSERT INTO ruleset_technique (ruleset_id, technique_id, status, condition_notes) VALUES
(1, 23, 'PROHIBITED', 'No permitido en cinturón blanco gi IBJJF'),
(1, 24, 'PROHIBITED', 'No permitido en cinturón blanco gi IBJJF'),
(1, 25, 'PROHIBITED', 'No permitido en cinturón blanco gi IBJJF'),
(1, 26, 'PROHIBITED', 'No permitido en cinturón blanco gi IBJJF'),
(1, 27, 'PROHIBITED', 'No permitido en cinturón blanco gi IBJJF'),
(1, 28, 'PROHIBITED', 'No permitido en cinturón blanco gi IBJJF'),
(1, 29, 'PROHIBITED', 'No permitido en cinturón blanco gi IBJJF'),
(2, 23, 'PROHIBITED', 'No permitido en cinturón azul gi IBJJF'),
(2, 24, 'PROHIBITED', 'No permitido en cinturón azul gi IBJJF'),
(2, 25, 'PROHIBITED', 'No permitido en cinturón azul gi IBJJF'),
(2, 26, 'ALLOWED', 'Permitido desde cinturón azul gi IBJJF (con control)'),
(2, 27, 'PROHIBITED', 'No permitido en cinturón azul gi IBJJF'),
(2, 28, 'PROHIBITED', 'No permitido en cinturón azul gi IBJJF'),
(2, 29, 'PROHIBITED', 'No permitido en cinturón azul gi IBJJF'),
(3, 23, 'PROHIBITED', 'No permitido en cinturón morado gi IBJJF'),
(3, 24, 'PROHIBITED', 'No permitido en cinturón morado gi IBJJF'),
(3, 25, 'ALLOWED', 'Permitido desde cinturón morado gi IBJJF'),
(3, 26, 'ALLOWED', 'Permitido desde cinturón morado gi IBJJF'),
(3, 27, 'ALLOWED', 'Permitido desde cinturón morado gi IBJJF'),
(3, 28, 'ALLOWED', 'Permitido desde cinturón morado gi IBJJF'),
(3, 29, 'PROHIBITED', 'No permitido en cinturón morado gi IBJJF'),
(4, 23, 'ALLOWED', 'Permitido en cinturón marrón/negro gi IBJJF'),
(4, 24, 'PROHIBITED', 'Reaping/Outside Heel Hook prohibido en gi IBJJF siempre'),
(4, 25, 'ALLOWED', 'Permitido en cinturón marrón/negro gi IBJJF'),
(4, 26, 'ALLOWED', 'Permitido en cinturón marrón/negro gi IBJJF'),
(4, 27, 'ALLOWED', 'Permitido en cinturón marrón/negro gi IBJJF'),
(4, 28, 'ALLOWED', 'Permitido en cinturón marrón/negro gi IBJJF'),
(5, 23, 'ALLOWED', 'Permitido en cinturón marrón/negro gi IBJJF'),
(5, 24, 'PROHIBITED', 'Reaping/Outside Heel Hook prohibido en gi IBJJF siempre'),
(5, 25, 'ALLOWED', 'Permitido en cinturón marrón/negro gi IBJJF'),
(5, 26, 'ALLOWED', 'Permitido en cinturón marrón/negro gi IBJJF'),
(5, 27, 'ALLOWED', 'Permitido en cinturón marrón/negro gi IBJJF'),
(5, 28, 'ALLOWED', 'Permitido en cinturón marrón/negro gi IBJJF'),
(6, 23, 'PROHIBITED', 'Prohibido en IBJJF No-Gi cinturón blanco'),
(6, 24, 'PROHIBITED', 'Prohibido en IBJJF No-Gi cinturón blanco'),
(6, 25, 'PROHIBITED', 'Prohibido en IBJJF No-Gi cinturón blanco'),
(6, 26, 'PROHIBITED', 'Prohibido en IBJJF No-Gi cinturón blanco'),
(6, 27, 'PROHIBITED', 'Prohibido en IBJJF No-Gi cinturón blanco'),
(6, 28, 'PROHIBITED', 'Prohibido en IBJJF No-Gi cinturón blanco'),
(6, 125, 'PROHIBITED', 'Prohibido en IBJJF No-Gi cinturón blanco'),
(6, 126, 'PROHIBITED', 'Prohibido en IBJJF No-Gi cinturón blanco'),
(6, 127, 'PROHIBITED', 'Prohibido en IBJJF No-Gi cinturón blanco'),
(6, 131, 'PROHIBITED', 'Prohibido en IBJJF No-Gi cinturón blanco'),
(6, 132, 'PROHIBITED', 'Prohibido en IBJJF No-Gi cinturón blanco'),
(7, 23, 'PROHIBITED', 'Prohibido en IBJJF No-Gi hasta cinturón azul'),
(7, 24, 'PROHIBITED', 'Prohibido en IBJJF No-Gi hasta cinturón azul'),
(7, 25, 'PROHIBITED', 'Prohibido en IBJJF No-Gi hasta cinturón azul'),
(7, 26, 'ALLOWED', 'Permitido desde blue belt No-Gi IBJJF'),
(7, 27, 'PROHIBITED', 'Prohibido en IBJJF No-Gi hasta cinturón azul'),
(7, 28, 'PROHIBITED', 'Prohibido en IBJJF No-Gi hasta cinturón azul'),
(7, 125, 'PROHIBITED', 'Prohibido en IBJJF No-Gi hasta cinturón azul'),
(7, 126, 'PROHIBITED', 'Prohibido en IBJJF No-Gi hasta cinturón azul'),
(7, 127, 'PROHIBITED', 'Prohibido en IBJJF No-Gi hasta cinturón azul'),
(7, 131, 'PROHIBITED', 'Prohibido en IBJJF No-Gi hasta cinturón azul'),
(7, 132, 'PROHIBITED', 'Prohibido en IBJJF No-Gi hasta cinturón azul'),
(8, 23, 'PROHIBITED', 'Prohibido en IBJJF No-Gi hasta cinturón morado'),
(8, 24, 'PROHIBITED', 'Prohibido en IBJJF No-Gi hasta cinturón morado'),
(8, 25, 'ALLOWED', 'Permitido desde purple belt No-Gi IBJJF'),
(8, 26, 'ALLOWED', 'Permitido desde purple belt No-Gi IBJJF'),
(8, 27, 'ALLOWED', 'Permitido desde purple belt No-Gi IBJJF'),
(8, 28, 'PROHIBITED', 'Prohibido en IBJJF No-Gi hasta cinturón morado'),
(8, 125, 'PROHIBITED', 'Prohibido en IBJJF No-Gi hasta cinturón morado'),
(8, 126, 'PROHIBITED', 'Prohibido en IBJJF No-Gi hasta cinturón morado'),
(8, 127, 'PROHIBITED', 'Prohibido en IBJJF No-Gi hasta cinturón morado'),
(8, 131, 'ALLOWED', 'Permitido desde purple belt No-Gi IBJJF'),
(8, 132, 'PROHIBITED', 'Prohibido en IBJJF No-Gi hasta cinturón morado'),
(9, 23, 'ALLOWED', 'Permitido desde brown belt No-Gi IBJJF'),
(9, 24, 'PROHIBITED', 'Outside Heel Hook prohibido en IBJJF hasta cinturón negro'),
(9, 25, 'ALLOWED', 'Permitido desde brown belt No-Gi IBJJF'),
(9, 26, 'ALLOWED', 'Permitido desde brown belt No-Gi IBJJF'),
(9, 27, 'ALLOWED', 'Permitido desde brown belt No-Gi IBJJF'),
(9, 28, 'ALLOWED', 'Permitido desde brown belt No-Gi IBJJF'),
(9, 125, 'ALLOWED', 'Permitido desde brown belt No-Gi IBJJF'),
(9, 126, 'ALLOWED', 'Permitido desde brown belt No-Gi IBJJF'),
(9, 127, 'ALLOWED', 'Permitido desde brown belt No-Gi IBJJF'),
(9, 131, 'ALLOWED', 'Permitido desde brown belt No-Gi IBJJF'),
(9, 132, 'PROHIBITED', 'Neck Crank prohibido en IBJJF No-Gi en todas las categorías'),
(10, 23, 'ALLOWED', 'Permitido desde black belt No-Gi IBJJF'),
(10, 24, 'PROHIBITED', 'Outside Heel Hook prohibido en IBJJF (reaping) en todas las categorías'),
(10, 25, 'ALLOWED', 'Permitido desde black belt No-Gi IBJJF'),
(10, 26, 'ALLOWED', 'Permitido desde black belt No-Gi IBJJF'),
(10, 27, 'ALLOWED', 'Permitido desde black belt No-Gi IBJJF'),
(10, 28, 'ALLOWED', 'Permitido desde black belt No-Gi IBJJF'),
(10, 125, 'ALLOWED', 'Permitido desde black belt No-Gi IBJJF'),
(10, 126, 'ALLOWED', 'Permitido desde black belt No-Gi IBJJF'),
(10, 127, 'ALLOWED', 'Permitido desde black belt No-Gi IBJJF'),
(10, 131, 'ALLOWED', 'Permitido desde black belt No-Gi IBJJF'),
(10, 132, 'PROHIBITED', 'Neck Crank prohibido en IBJJF No-Gi en todas las categorías'),
(11, 19, 'ALLOWED', 'Permitido en ADCC No-Gi (categoría avanzada sin restricciones de cinturón)'),
(11, 22, 'ALLOWED', 'Todas las técnicas permitidas en ADCC'),
(11, 23, 'ALLOWED', 'Todas las técnicas permitidas en ADCC'),
(11, 24, 'ALLOWED', 'Todas las técnicas permitidas en ADCC'),
(11, 25, 'ALLOWED', 'Todas las técnicas permitidas en ADCC'),
(11, 26, 'ALLOWED', 'Todas las técnicas permitidas en ADCC'),
(11, 27, 'ALLOWED', 'Todas las técnicas permitidas en ADCC'),
(11, 28, 'ALLOWED', 'Todas las técnicas permitidas en ADCC'),
(11, 29, 'ALLOWED', 'Todas las técnicas permitidas en ADCC'),
(11, 30, 'ALLOWED', 'Permitido en ADCC No-Gi (categoría avanzada sin restricciones de cinturón)'),
(11, 125, 'ALLOWED', 'Permitido en ADCC No-Gi (categoría avanzada sin restricciones de cinturón)'),
(11, 126, 'ALLOWED', 'Permitido en ADCC No-Gi (categoría avanzada sin restricciones de cinturón)'),
(11, 127, 'ALLOWED', 'Permitido en ADCC No-Gi (categoría avanzada sin restricciones de cinturón)'),
(11, 128, 'ALLOWED', 'Permitido en ADCC No-Gi (categoría avanzada sin restricciones de cinturón)'),
(11, 131, 'ALLOWED', 'Permitido en ADCC No-Gi (categoría avanzada sin restricciones de cinturón)'),
(11, 132, 'CONDITIONAL', 'Permitido en ADCC solo si hay control del cuerpo completo (no cervical aislada)'),
(12, 23, 'PROHIBITED', 'Prohibido en competición AJP Gi cinturón WHITE'),
(12, 24, 'PROHIBITED', 'Prohibido en competición AJP Gi cinturón WHITE'),
(12, 25, 'PROHIBITED', 'Prohibido en competición AJP Gi cinturón WHITE'),
(12, 26, 'PROHIBITED', 'Prohibido en competición AJP Gi cinturón WHITE'),
(12, 27, 'PROHIBITED', 'Prohibido en competición AJP Gi cinturón WHITE'),
(12, 28, 'PROHIBITED', 'Prohibido en competición AJP Gi cinturón WHITE'),
(12, 29, 'PROHIBITED', 'Prohibido en competición AJP Gi cinturón WHITE'),
(12, 125, 'PROHIBITED', 'Prohibido en competición AJP Gi cinturón WHITE'),
(12, 126, 'PROHIBITED', 'Prohibido en competición AJP Gi cinturón WHITE'),
(12, 127, 'PROHIBITED', 'Prohibido en competición AJP Gi cinturón WHITE'),
(12, 131, 'PROHIBITED', 'Prohibido en competición AJP Gi cinturón WHITE'),
(12, 132, 'PROHIBITED', 'Prohibido en competición AJP Gi cinturón WHITE'),
(13, 23, 'PROHIBITED', 'Prohibido en competición AJP Gi cinturón BLUE'),
(13, 24, 'PROHIBITED', 'Prohibido en competición AJP Gi cinturón BLUE'),
(13, 25, 'PROHIBITED', 'Prohibido en competición AJP Gi cinturón BLUE'),
(13, 26, 'PROHIBITED', 'Prohibido en competición AJP Gi cinturón BLUE'),
(13, 27, 'PROHIBITED', 'Prohibido en competición AJP Gi cinturón BLUE'),
(13, 28, 'PROHIBITED', 'Prohibido en competición AJP Gi cinturón BLUE'),
(13, 29, 'PROHIBITED', 'Prohibido en competición AJP Gi cinturón BLUE'),
(13, 125, 'PROHIBITED', 'Prohibido en competición AJP Gi cinturón BLUE'),
(13, 126, 'PROHIBITED', 'Prohibido en competición AJP Gi cinturón BLUE'),
(13, 127, 'PROHIBITED', 'Prohibido en competición AJP Gi cinturón BLUE'),
(13, 131, 'PROHIBITED', 'Prohibido en competición AJP Gi cinturón BLUE'),
(13, 132, 'PROHIBITED', 'Prohibido en competición AJP Gi cinturón BLUE'),
(14, 23, 'PROHIBITED', 'Prohibido en AJP Gi hasta purple belt'),
(14, 24, 'PROHIBITED', 'Prohibido en AJP Gi hasta purple belt'),
(14, 25, 'ALLOWED', 'Permitido en AJP Gi desde purple belt'),
(14, 26, 'ALLOWED', 'Permitido en AJP Gi desde purple belt'),
(14, 27, 'PROHIBITED', 'Prohibido en AJP Gi hasta purple belt'),
(14, 28, 'PROHIBITED', 'Prohibido en AJP Gi hasta purple belt'),
(14, 29, 'PROHIBITED', 'Prohibido en AJP Gi hasta purple belt'),
(14, 125, 'PROHIBITED', 'Prohibido en AJP Gi hasta purple belt'),
(14, 126, 'PROHIBITED', 'Prohibido en AJP Gi hasta purple belt'),
(14, 127, 'PROHIBITED', 'Prohibido en AJP Gi hasta purple belt'),
(14, 131, 'ALLOWED', 'Permitido en AJP Gi desde purple belt'),
(14, 132, 'PROHIBITED', 'Prohibido en AJP Gi hasta purple belt'),
(15, 23, 'PROHIBITED', 'Heel hooks prohibidos en Gi AJP en todas las categorías'),
(15, 24, 'PROHIBITED', 'Heel hooks prohibidos en Gi AJP en todas las categorías'),
(15, 25, 'ALLOWED', 'Permitido en AJP Gi desde BROWN belt'),
(15, 26, 'ALLOWED', 'Permitido en AJP Gi desde BROWN belt'),
(15, 27, 'ALLOWED', 'Permitido en AJP Gi desde BROWN belt'),
(15, 28, 'ALLOWED', 'Permitido en AJP Gi desde BROWN belt'),
(15, 29, 'PROHIBITED', 'Prohibido en AJP Gi'),
(15, 125, 'PROHIBITED', 'Heel hooks prohibidos en Gi AJP en todas las categorías'),
(15, 126, 'PROHIBITED', 'Heel hooks prohibidos en Gi AJP en todas las categorías'),
(15, 127, 'PROHIBITED', 'Heel hooks prohibidos en Gi AJP en todas las categorías'),
(15, 131, 'ALLOWED', 'Permitido en AJP Gi desde BROWN belt'),
(15, 132, 'PROHIBITED', 'Prohibido en AJP Gi'),
(16, 23, 'PROHIBITED', 'Heel hooks prohibidos en Gi AJP en todas las categorías'),
(16, 24, 'PROHIBITED', 'Heel hooks prohibidos en Gi AJP en todas las categorías'),
(16, 25, 'ALLOWED', 'Permitido en AJP Gi desde BLACK belt'),
(16, 26, 'ALLOWED', 'Permitido en AJP Gi desde BLACK belt'),
(16, 27, 'ALLOWED', 'Permitido en AJP Gi desde BLACK belt'),
(16, 28, 'ALLOWED', 'Permitido en AJP Gi desde BLACK belt'),
(16, 29, 'PROHIBITED', 'Prohibido en AJP Gi'),
(16, 125, 'PROHIBITED', 'Heel hooks prohibidos en Gi AJP en todas las categorías'),
(16, 126, 'PROHIBITED', 'Heel hooks prohibidos en Gi AJP en todas las categorías'),
(16, 127, 'PROHIBITED', 'Heel hooks prohibidos en Gi AJP en todas las categorías'),
(16, 131, 'ALLOWED', 'Permitido en AJP Gi desde BLACK belt'),
(16, 132, 'PROHIBITED', 'Prohibido en AJP Gi'),
(17, 23, 'PROHIBITED', 'Prohibido en AJP No-Gi cinturón WHITE'),
(17, 24, 'PROHIBITED', 'Prohibido en AJP No-Gi cinturón WHITE'),
(17, 25, 'PROHIBITED', 'Prohibido en AJP No-Gi cinturón WHITE'),
(17, 28, 'PROHIBITED', 'Prohibido en AJP No-Gi cinturón WHITE'),
(17, 125, 'PROHIBITED', 'Prohibido en AJP No-Gi cinturón WHITE'),
(17, 126, 'PROHIBITED', 'Prohibido en AJP No-Gi cinturón WHITE'),
(17, 127, 'PROHIBITED', 'Prohibido en AJP No-Gi cinturón WHITE'),
(17, 131, 'PROHIBITED', 'Prohibido en AJP No-Gi cinturón WHITE'),
(17, 132, 'PROHIBITED', 'Prohibido en AJP No-Gi cinturón WHITE'),
(18, 23, 'PROHIBITED', 'Prohibido en AJP No-Gi cinturón BLUE'),
(18, 24, 'PROHIBITED', 'Prohibido en AJP No-Gi cinturón BLUE'),
(18, 25, 'PROHIBITED', 'Prohibido en AJP No-Gi cinturón BLUE'),
(18, 28, 'PROHIBITED', 'Prohibido en AJP No-Gi cinturón BLUE'),
(18, 125, 'PROHIBITED', 'Prohibido en AJP No-Gi cinturón BLUE'),
(18, 126, 'PROHIBITED', 'Prohibido en AJP No-Gi cinturón BLUE'),
(18, 127, 'PROHIBITED', 'Prohibido en AJP No-Gi cinturón BLUE'),
(18, 131, 'PROHIBITED', 'Prohibido en AJP No-Gi cinturón BLUE'),
(18, 132, 'PROHIBITED', 'Prohibido en AJP No-Gi cinturón BLUE'),
(19, 23, 'PROHIBITED', 'Prohibido en AJP No-Gi hasta cinturón morado'),
(19, 24, 'PROHIBITED', 'Prohibido en AJP No-Gi hasta cinturón morado'),
(19, 25, 'ALLOWED', 'Permitido en AJP No-Gi desde purple belt'),
(19, 28, 'PROHIBITED', 'Prohibido en AJP No-Gi hasta cinturón morado'),
(19, 125, 'PROHIBITED', 'Prohibido en AJP No-Gi hasta cinturón morado'),
(19, 126, 'PROHIBITED', 'Prohibido en AJP No-Gi hasta cinturón morado'),
(19, 127, 'PROHIBITED', 'Prohibido en AJP No-Gi hasta cinturón morado'),
(19, 131, 'ALLOWED', 'Permitido en AJP No-Gi desde purple belt'),
(19, 132, 'PROHIBITED', 'Prohibido en AJP No-Gi hasta cinturón morado'),
(20, 23, 'ALLOWED', 'Permitido en AJP No-Gi desde BROWN belt'),
(20, 24, 'ALLOWED', 'Permitido en AJP No-Gi desde BROWN belt'),
(20, 25, 'ALLOWED', 'Permitido en AJP No-Gi desde BROWN belt'),
(20, 28, 'ALLOWED', 'Permitido en AJP No-Gi desde BROWN belt'),
(20, 125, 'ALLOWED', 'Permitido en AJP No-Gi desde BROWN belt'),
(20, 126, 'ALLOWED', 'Permitido en AJP No-Gi desde BROWN belt'),
(20, 127, 'ALLOWED', 'Permitido en AJP No-Gi desde BROWN belt'),
(20, 131, 'ALLOWED', 'Permitido en AJP No-Gi desde BROWN belt'),
(20, 132, 'PROHIBITED', 'Prohibido en AJP No-Gi en todas las categorías'),
(21, 23, 'ALLOWED', 'Permitido en AJP No-Gi desde BLACK belt'),
(21, 24, 'ALLOWED', 'Permitido en AJP No-Gi desde BLACK belt'),
(21, 25, 'ALLOWED', 'Permitido en AJP No-Gi desde BLACK belt'),
(21, 28, 'ALLOWED', 'Permitido en AJP No-Gi desde BLACK belt'),
(21, 125, 'ALLOWED', 'Permitido en AJP No-Gi desde BLACK belt'),
(21, 126, 'ALLOWED', 'Permitido en AJP No-Gi desde BLACK belt'),
(21, 127, 'ALLOWED', 'Permitido en AJP No-Gi desde BLACK belt'),
(21, 131, 'ALLOWED', 'Permitido en AJP No-Gi desde BLACK belt'),
(21, 132, 'PROHIBITED', 'Prohibido en AJP No-Gi en todas las categorías')
ON CONFLICT (ruleset_id, technique_id) DO UPDATE SET
  status          = EXCLUDED.status,
  condition_notes = EXCLUDED.condition_notes;

COMMIT;
-- ============================================================
-- ACTUALIZAR SECUENCIAS
-- ============================================================
SELECT setval('federation_id_seq', (SELECT MAX(id) FROM federation));
SELECT setval('position_id_seq',   (SELECT MAX(id) FROM position));
SELECT setval('technique_id_seq',  (SELECT MAX(id) FROM technique));
SELECT setval('exercise_id_seq',   (SELECT MAX(id) FROM exercise));
SELECT setval('ruleset_id_seq',    (SELECT MAX(id) FROM ruleset));

